layer_name,module_path,module_type,candidate_group,output_type,output_shape,dtype,device,number_of_elements,estimated_memory,hook_error
vae_image_latent,vae_image_latent,VAEImageLatentPseudoLayer,vae_conditioning,torch.Tensor,"[1, 4, 64, 64]",torch.float16,cuda:0,16384,0.03125,
unet.conv_in,unet.conv_in,Conv2d,unet_input,torch.Tensor,"[1, 320, 64, 64]",torch.float16,cuda:0,1310720,2.5,
unet.down_blocks,unet.down_blocks,ModuleList,down_block,,None,,,,,
unet.down_blocks.0,unet.down_blocks.0,CrossAttnDownBlock2D,down_block,torch.Tensor,"[1, 320, 32, 32]",torch.float16,cuda:0,327680,0.625,
unet.down_blocks.0.attentions.0.transformer_blocks,unet.down_blocks.0.attentions.0.transformer_blocks,ModuleList,transformer_block,,None,,,,,
unet.down_blocks.0.attentions.0.transformer_blocks.0,unet.down_blocks.0.attentions.0.transformer_blocks.0,BasicTransformerBlock,transformer_block,torch.Tensor,"[1, 4096, 320]",torch.float16,cuda:0,1310720,2.5,
unet.down_blocks.0.attentions.0.transformer_blocks.0.norm1,unet.down_blocks.0.attentions.0.transformer_blocks.0.norm1,LayerNorm,transformer_block,torch.Tensor,"[1, 4096, 320]",torch.float16,cuda:0,1310720,2.5,
unet.down_blocks.0.attentions.0.transformer_blocks.0.attn1,unet.down_blocks.0.attentions.0.transformer_blocks.0.attn1,Attention,self_attention,torch.Tensor,"[1, 4096, 320]",torch.float16,cuda:0,1310720,2.5,
unet.down_blocks.0.attentions.0.transformer_blocks.0.attn1.to_q,unet.down_blocks.0.attentions.0.transformer_blocks.0.attn1.to_q,Linear,self_attention,torch.Tensor,"[1, 4096, 320]",torch.float16,cuda:0,1310720,2.5,
unet.down_blocks.0.attentions.0.transformer_blocks.0.attn1.to_k,unet.down_blocks.0.attentions.0.transformer_blocks.0.attn1.to_k,Linear,self_attention,torch.Tensor,"[1, 4096, 320]",torch.float16,cuda:0,1310720,2.5,
unet.down_blocks.0.attentions.0.transformer_blocks.0.attn1.to_v,unet.down_blocks.0.attentions.0.transformer_blocks.0.attn1.to_v,Linear,self_attention,torch.Tensor,"[1, 4096, 320]",torch.float16,cuda:0,1310720,2.5,
unet.down_blocks.0.attentions.0.transformer_blocks.0.attn1.to_out,unet.down_blocks.0.attentions.0.transformer_blocks.0.attn1.to_out,ModuleList,self_attention,,None,,,,,
unet.down_blocks.0.attentions.0.transformer_blocks.0.attn1.to_out.0,unet.down_blocks.0.attentions.0.transformer_blocks.0.attn1.to_out.0,Linear,self_attention,torch.Tensor,"[1, 4096, 320]",torch.float16,cuda:0,1310720,2.5,
unet.down_blocks.0.attentions.0.transformer_blocks.0.attn1.to_out.1,unet.down_blocks.0.attentions.0.transformer_blocks.0.attn1.to_out.1,Dropout,self_attention,torch.Tensor,"[1, 4096, 320]",torch.float16,cuda:0,1310720,2.5,
unet.down_blocks.0.attentions.0.transformer_blocks.0.norm2,unet.down_blocks.0.attentions.0.transformer_blocks.0.norm2,LayerNorm,transformer_block,torch.Tensor,"[1, 4096, 320]",torch.float16,cuda:0,1310720,2.5,
unet.down_blocks.0.attentions.0.transformer_blocks.0.attn2,unet.down_blocks.0.attentions.0.transformer_blocks.0.attn2,Attention,cross_attention,torch.Tensor,"[1, 4096, 320]",torch.float16,cuda:0,1310720,2.5,
unet.down_blocks.0.attentions.0.transformer_blocks.0.attn2.to_q,unet.down_blocks.0.attentions.0.transformer_blocks.0.attn2.to_q,Linear,cross_attention,torch.Tensor,"[1, 4096, 320]",torch.float16,cuda:0,1310720,2.5,
unet.down_blocks.0.attentions.0.transformer_blocks.0.attn2.to_k,unet.down_blocks.0.attentions.0.transformer_blocks.0.attn2.to_k,Linear,cross_attention,torch.Tensor,"[1, 77, 320]",torch.float16,cuda:0,24640,0.0469970703125,
unet.down_blocks.0.attentions.0.transformer_blocks.0.attn2.to_v,unet.down_blocks.0.attentions.0.transformer_blocks.0.attn2.to_v,Linear,cross_attention,torch.Tensor,"[1, 77, 320]",torch.float16,cuda:0,24640,0.0469970703125,
unet.down_blocks.0.attentions.0.transformer_blocks.0.attn2.to_out,unet.down_blocks.0.attentions.0.transformer_blocks.0.attn2.to_out,ModuleList,cross_attention,,None,,,,,
unet.down_blocks.0.attentions.0.transformer_blocks.0.attn2.to_out.0,unet.down_blocks.0.attentions.0.transformer_blocks.0.attn2.to_out.0,Linear,cross_attention,torch.Tensor,"[1, 4096, 320]",torch.float16,cuda:0,1310720,2.5,
unet.down_blocks.0.attentions.0.transformer_blocks.0.attn2.to_out.1,unet.down_blocks.0.attentions.0.transformer_blocks.0.attn2.to_out.1,Dropout,cross_attention,torch.Tensor,"[1, 4096, 320]",torch.float16,cuda:0,1310720,2.5,
unet.down_blocks.0.attentions.0.transformer_blocks.0.norm3,unet.down_blocks.0.attentions.0.transformer_blocks.0.norm3,LayerNorm,transformer_block,torch.Tensor,"[1, 4096, 320]",torch.float16,cuda:0,1310720,2.5,
unet.down_blocks.0.attentions.0.transformer_blocks.0.ff,unet.down_blocks.0.attentions.0.transformer_blocks.0.ff,FeedForward,feed_forward,torch.Tensor,"[1, 4096, 320]",torch.float16,cuda:0,1310720,2.5,
unet.down_blocks.0.attentions.0.transformer_blocks.0.ff.net,unet.down_blocks.0.attentions.0.transformer_blocks.0.ff.net,ModuleList,feed_forward,,None,,,,,
unet.down_blocks.0.attentions.0.transformer_blocks.0.ff.net.0,unet.down_blocks.0.attentions.0.transformer_blocks.0.ff.net.0,GEGLU,feed_forward,torch.Tensor,"[1, 4096, 1280]",torch.float16,cuda:0,5242880,10.0,
unet.down_blocks.0.attentions.0.transformer_blocks.0.ff.net.0.proj,unet.down_blocks.0.attentions.0.transformer_blocks.0.ff.net.0.proj,Linear,feed_forward,torch.Tensor,"[1, 4096, 2560]",torch.float16,cuda:0,10485760,20.0,
unet.down_blocks.0.attentions.0.transformer_blocks.0.ff.net.1,unet.down_blocks.0.attentions.0.transformer_blocks.0.ff.net.1,Dropout,feed_forward,torch.Tensor,"[1, 4096, 1280]",torch.float16,cuda:0,5242880,10.0,
unet.down_blocks.0.attentions.0.transformer_blocks.0.ff.net.2,unet.down_blocks.0.attentions.0.transformer_blocks.0.ff.net.2,Linear,feed_forward,torch.Tensor,"[1, 4096, 320]",torch.float16,cuda:0,1310720,2.5,
unet.down_blocks.0.attentions.1.transformer_blocks,unet.down_blocks.0.attentions.1.transformer_blocks,ModuleList,transformer_block,,None,,,,,
unet.down_blocks.0.attentions.1.transformer_blocks.0,unet.down_blocks.0.attentions.1.transformer_blocks.0,BasicTransformerBlock,transformer_block,torch.Tensor,"[1, 4096, 320]",torch.float16,cuda:0,1310720,2.5,
unet.down_blocks.0.attentions.1.transformer_blocks.0.norm1,unet.down_blocks.0.attentions.1.transformer_blocks.0.norm1,LayerNorm,transformer_block,torch.Tensor,"[1, 4096, 320]",torch.float16,cuda:0,1310720,2.5,
unet.down_blocks.0.attentions.1.transformer_blocks.0.attn1,unet.down_blocks.0.attentions.1.transformer_blocks.0.attn1,Attention,self_attention,torch.Tensor,"[1, 4096, 320]",torch.float16,cuda:0,1310720,2.5,
unet.down_blocks.0.attentions.1.transformer_blocks.0.attn1.to_q,unet.down_blocks.0.attentions.1.transformer_blocks.0.attn1.to_q,Linear,self_attention,torch.Tensor,"[1, 4096, 320]",torch.float16,cuda:0,1310720,2.5,
unet.down_blocks.0.attentions.1.transformer_blocks.0.attn1.to_k,unet.down_blocks.0.attentions.1.transformer_blocks.0.attn1.to_k,Linear,self_attention,torch.Tensor,"[1, 4096, 320]",torch.float16,cuda:0,1310720,2.5,
unet.down_blocks.0.attentions.1.transformer_blocks.0.attn1.to_v,unet.down_blocks.0.attentions.1.transformer_blocks.0.attn1.to_v,Linear,self_attention,torch.Tensor,"[1, 4096, 320]",torch.float16,cuda:0,1310720,2.5,
unet.down_blocks.0.attentions.1.transformer_blocks.0.attn1.to_out,unet.down_blocks.0.attentions.1.transformer_blocks.0.attn1.to_out,ModuleList,self_attention,,None,,,,,
unet.down_blocks.0.attentions.1.transformer_blocks.0.attn1.to_out.0,unet.down_blocks.0.attentions.1.transformer_blocks.0.attn1.to_out.0,Linear,self_attention,torch.Tensor,"[1, 4096, 320]",torch.float16,cuda:0,1310720,2.5,
unet.down_blocks.0.attentions.1.transformer_blocks.0.attn1.to_out.1,unet.down_blocks.0.attentions.1.transformer_blocks.0.attn1.to_out.1,Dropout,self_attention,torch.Tensor,"[1, 4096, 320]",torch.float16,cuda:0,1310720,2.5,
unet.down_blocks.0.attentions.1.transformer_blocks.0.norm2,unet.down_blocks.0.attentions.1.transformer_blocks.0.norm2,LayerNorm,transformer_block,torch.Tensor,"[1, 4096, 320]",torch.float16,cuda:0,1310720,2.5,
unet.down_blocks.0.attentions.1.transformer_blocks.0.attn2,unet.down_blocks.0.attentions.1.transformer_blocks.0.attn2,Attention,cross_attention,torch.Tensor,"[1, 4096, 320]",torch.float16,cuda:0,1310720,2.5,
unet.down_blocks.0.attentions.1.transformer_blocks.0.attn2.to_q,unet.down_blocks.0.attentions.1.transformer_blocks.0.attn2.to_q,Linear,cross_attention,torch.Tensor,"[1, 4096, 320]",torch.float16,cuda:0,1310720,2.5,
unet.down_blocks.0.attentions.1.transformer_blocks.0.attn2.to_k,unet.down_blocks.0.attentions.1.transformer_blocks.0.attn2.to_k,Linear,cross_attention,torch.Tensor,"[1, 77, 320]",torch.float16,cuda:0,24640,0.0469970703125,
unet.down_blocks.0.attentions.1.transformer_blocks.0.attn2.to_v,unet.down_blocks.0.attentions.1.transformer_blocks.0.attn2.to_v,Linear,cross_attention,torch.Tensor,"[1, 77, 320]",torch.float16,cuda:0,24640,0.0469970703125,
unet.down_blocks.0.attentions.1.transformer_blocks.0.attn2.to_out,unet.down_blocks.0.attentions.1.transformer_blocks.0.attn2.to_out,ModuleList,cross_attention,,None,,,,,
unet.down_blocks.0.attentions.1.transformer_blocks.0.attn2.to_out.0,unet.down_blocks.0.attentions.1.transformer_blocks.0.attn2.to_out.0,Linear,cross_attention,torch.Tensor,"[1, 4096, 320]",torch.float16,cuda:0,1310720,2.5,
unet.down_blocks.0.attentions.1.transformer_blocks.0.attn2.to_out.1,unet.down_blocks.0.attentions.1.transformer_blocks.0.attn2.to_out.1,Dropout,cross_attention,torch.Tensor,"[1, 4096, 320]",torch.float16,cuda:0,1310720,2.5,
unet.down_blocks.0.attentions.1.transformer_blocks.0.norm3,unet.down_blocks.0.attentions.1.transformer_blocks.0.norm3,LayerNorm,transformer_block,torch.Tensor,"[1, 4096, 320]",torch.float16,cuda:0,1310720,2.5,
unet.down_blocks.0.attentions.1.transformer_blocks.0.ff,unet.down_blocks.0.attentions.1.transformer_blocks.0.ff,FeedForward,feed_forward,torch.Tensor,"[1, 4096, 320]",torch.float16,cuda:0,1310720,2.5,
unet.down_blocks.0.attentions.1.transformer_blocks.0.ff.net,unet.down_blocks.0.attentions.1.transformer_blocks.0.ff.net,ModuleList,feed_forward,,None,,,,,
unet.down_blocks.0.attentions.1.transformer_blocks.0.ff.net.0,unet.down_blocks.0.attentions.1.transformer_blocks.0.ff.net.0,GEGLU,feed_forward,torch.Tensor,"[1, 4096, 1280]",torch.float16,cuda:0,5242880,10.0,
unet.down_blocks.0.attentions.1.transformer_blocks.0.ff.net.0.proj,unet.down_blocks.0.attentions.1.transformer_blocks.0.ff.net.0.proj,Linear,feed_forward,torch.Tensor,"[1, 4096, 2560]",torch.float16,cuda:0,10485760,20.0,
unet.down_blocks.0.attentions.1.transformer_blocks.0.ff.net.1,unet.down_blocks.0.attentions.1.transformer_blocks.0.ff.net.1,Dropout,feed_forward,torch.Tensor,"[1, 4096, 1280]",torch.float16,cuda:0,5242880,10.0,
unet.down_blocks.0.attentions.1.transformer_blocks.0.ff.net.2,unet.down_blocks.0.attentions.1.transformer_blocks.0.ff.net.2,Linear,feed_forward,torch.Tensor,"[1, 4096, 320]",torch.float16,cuda:0,1310720,2.5,
unet.down_blocks.1,unet.down_blocks.1,CrossAttnDownBlock2D,down_block,torch.Tensor,"[1, 640, 16, 16]",torch.float16,cuda:0,163840,0.3125,
unet.down_blocks.1.attentions.0.transformer_blocks,unet.down_blocks.1.attentions.0.transformer_blocks,ModuleList,transformer_block,,None,,,,,
unet.down_blocks.1.attentions.0.transformer_blocks.0,unet.down_blocks.1.attentions.0.transformer_blocks.0,BasicTransformerBlock,transformer_block,torch.Tensor,"[1, 1024, 640]",torch.float16,cuda:0,655360,1.25,
unet.down_blocks.1.attentions.0.transformer_blocks.0.norm1,unet.down_blocks.1.attentions.0.transformer_blocks.0.norm1,LayerNorm,transformer_block,torch.Tensor,"[1, 1024, 640]",torch.float16,cuda:0,655360,1.25,
unet.down_blocks.1.attentions.0.transformer_blocks.0.attn1,unet.down_blocks.1.attentions.0.transformer_blocks.0.attn1,Attention,self_attention,torch.Tensor,"[1, 1024, 640]",torch.float16,cuda:0,655360,1.25,
unet.down_blocks.1.attentions.0.transformer_blocks.0.attn1.to_q,unet.down_blocks.1.attentions.0.transformer_blocks.0.attn1.to_q,Linear,self_attention,torch.Tensor,"[1, 1024, 640]",torch.float16,cuda:0,655360,1.25,
unet.down_blocks.1.attentions.0.transformer_blocks.0.attn1.to_k,unet.down_blocks.1.attentions.0.transformer_blocks.0.attn1.to_k,Linear,self_attention,torch.Tensor,"[1, 1024, 640]",torch.float16,cuda:0,655360,1.25,
unet.down_blocks.1.attentions.0.transformer_blocks.0.attn1.to_v,unet.down_blocks.1.attentions.0.transformer_blocks.0.attn1.to_v,Linear,self_attention,torch.Tensor,"[1, 1024, 640]",torch.float16,cuda:0,655360,1.25,
unet.down_blocks.1.attentions.0.transformer_blocks.0.attn1.to_out,unet.down_blocks.1.attentions.0.transformer_blocks.0.attn1.to_out,ModuleList,self_attention,,None,,,,,
unet.down_blocks.1.attentions.0.transformer_blocks.0.attn1.to_out.0,unet.down_blocks.1.attentions.0.transformer_blocks.0.attn1.to_out.0,Linear,self_attention,torch.Tensor,"[1, 1024, 640]",torch.float16,cuda:0,655360,1.25,
unet.down_blocks.1.attentions.0.transformer_blocks.0.attn1.to_out.1,unet.down_blocks.1.attentions.0.transformer_blocks.0.attn1.to_out.1,Dropout,self_attention,torch.Tensor,"[1, 1024, 640]",torch.float16,cuda:0,655360,1.25,
unet.down_blocks.1.attentions.0.transformer_blocks.0.norm2,unet.down_blocks.1.attentions.0.transformer_blocks.0.norm2,LayerNorm,transformer_block,torch.Tensor,"[1, 1024, 640]",torch.float16,cuda:0,655360,1.25,
unet.down_blocks.1.attentions.0.transformer_blocks.0.attn2,unet.down_blocks.1.attentions.0.transformer_blocks.0.attn2,Attention,cross_attention,torch.Tensor,"[1, 1024, 640]",torch.float16,cuda:0,655360,1.25,
unet.down_blocks.1.attentions.0.transformer_blocks.0.attn2.to_q,unet.down_blocks.1.attentions.0.transformer_blocks.0.attn2.to_q,Linear,cross_attention,torch.Tensor,"[1, 1024, 640]",torch.float16,cuda:0,655360,1.25,
unet.down_blocks.1.attentions.0.transformer_blocks.0.attn2.to_k,unet.down_blocks.1.attentions.0.transformer_blocks.0.attn2.to_k,Linear,cross_attention,torch.Tensor,"[1, 77, 640]",torch.float16,cuda:0,49280,0.093994140625,
unet.down_blocks.1.attentions.0.transformer_blocks.0.attn2.to_v,unet.down_blocks.1.attentions.0.transformer_blocks.0.attn2.to_v,Linear,cross_attention,torch.Tensor,"[1, 77, 640]",torch.float16,cuda:0,49280,0.093994140625,
unet.down_blocks.1.attentions.0.transformer_blocks.0.attn2.to_out,unet.down_blocks.1.attentions.0.transformer_blocks.0.attn2.to_out,ModuleList,cross_attention,,None,,,,,
unet.down_blocks.1.attentions.0.transformer_blocks.0.attn2.to_out.0,unet.down_blocks.1.attentions.0.transformer_blocks.0.attn2.to_out.0,Linear,cross_attention,torch.Tensor,"[1, 1024, 640]",torch.float16,cuda:0,655360,1.25,
unet.down_blocks.1.attentions.0.transformer_blocks.0.attn2.to_out.1,unet.down_blocks.1.attentions.0.transformer_blocks.0.attn2.to_out.1,Dropout,cross_attention,torch.Tensor,"[1, 1024, 640]",torch.float16,cuda:0,655360,1.25,
unet.down_blocks.1.attentions.0.transformer_blocks.0.norm3,unet.down_blocks.1.attentions.0.transformer_blocks.0.norm3,LayerNorm,transformer_block,torch.Tensor,"[1, 1024, 640]",torch.float16,cuda:0,655360,1.25,
unet.down_blocks.1.attentions.0.transformer_blocks.0.ff,unet.down_blocks.1.attentions.0.transformer_blocks.0.ff,FeedForward,feed_forward,torch.Tensor,"[1, 1024, 640]",torch.float16,cuda:0,655360,1.25,
unet.down_blocks.1.attentions.0.transformer_blocks.0.ff.net,unet.down_blocks.1.attentions.0.transformer_blocks.0.ff.net,ModuleList,feed_forward,,None,,,,,
unet.down_blocks.1.attentions.0.transformer_blocks.0.ff.net.0,unet.down_blocks.1.attentions.0.transformer_blocks.0.ff.net.0,GEGLU,feed_forward,torch.Tensor,"[1, 1024, 2560]",torch.float16,cuda:0,2621440,5.0,
unet.down_blocks.1.attentions.0.transformer_blocks.0.ff.net.0.proj,unet.down_blocks.1.attentions.0.transformer_blocks.0.ff.net.0.proj,Linear,feed_forward,torch.Tensor,"[1, 1024, 5120]",torch.float16,cuda:0,5242880,10.0,
unet.down_blocks.1.attentions.0.transformer_blocks.0.ff.net.1,unet.down_blocks.1.attentions.0.transformer_blocks.0.ff.net.1,Dropout,feed_forward,torch.Tensor,"[1, 1024, 2560]",torch.float16,cuda:0,2621440,5.0,
unet.down_blocks.1.attentions.0.transformer_blocks.0.ff.net.2,unet.down_blocks.1.attentions.0.transformer_blocks.0.ff.net.2,Linear,feed_forward,torch.Tensor,"[1, 1024, 640]",torch.float16,cuda:0,655360,1.25,
unet.down_blocks.1.attentions.1.transformer_blocks,unet.down_blocks.1.attentions.1.transformer_blocks,ModuleList,transformer_block,,None,,,,,
unet.down_blocks.1.attentions.1.transformer_blocks.0,unet.down_blocks.1.attentions.1.transformer_blocks.0,BasicTransformerBlock,transformer_block,torch.Tensor,"[1, 1024, 640]",torch.float16,cuda:0,655360,1.25,
unet.down_blocks.1.attentions.1.transformer_blocks.0.norm1,unet.down_blocks.1.attentions.1.transformer_blocks.0.norm1,LayerNorm,transformer_block,torch.Tensor,"[1, 1024, 640]",torch.float16,cuda:0,655360,1.25,
unet.down_blocks.1.attentions.1.transformer_blocks.0.attn1,unet.down_blocks.1.attentions.1.transformer_blocks.0.attn1,Attention,self_attention,torch.Tensor,"[1, 1024, 640]",torch.float16,cuda:0,655360,1.25,
unet.down_blocks.1.attentions.1.transformer_blocks.0.attn1.to_q,unet.down_blocks.1.attentions.1.transformer_blocks.0.attn1.to_q,Linear,self_attention,torch.Tensor,"[1, 1024, 640]",torch.float16,cuda:0,655360,1.25,
unet.down_blocks.1.attentions.1.transformer_blocks.0.attn1.to_k,unet.down_blocks.1.attentions.1.transformer_blocks.0.attn1.to_k,Linear,self_attention,torch.Tensor,"[1, 1024, 640]",torch.float16,cuda:0,655360,1.25,
unet.down_blocks.1.attentions.1.transformer_blocks.0.attn1.to_v,unet.down_blocks.1.attentions.1.transformer_blocks.0.attn1.to_v,Linear,self_attention,torch.Tensor,"[1, 1024, 640]",torch.float16,cuda:0,655360,1.25,
unet.down_blocks.1.attentions.1.transformer_blocks.0.attn1.to_out,unet.down_blocks.1.attentions.1.transformer_blocks.0.attn1.to_out,ModuleList,self_attention,,None,,,,,
unet.down_blocks.1.attentions.1.transformer_blocks.0.attn1.to_out.0,unet.down_blocks.1.attentions.1.transformer_blocks.0.attn1.to_out.0,Linear,self_attention,torch.Tensor,"[1, 1024, 640]",torch.float16,cuda:0,655360,1.25,
unet.down_blocks.1.attentions.1.transformer_blocks.0.attn1.to_out.1,unet.down_blocks.1.attentions.1.transformer_blocks.0.attn1.to_out.1,Dropout,self_attention,torch.Tensor,"[1, 1024, 640]",torch.float16,cuda:0,655360,1.25,
unet.down_blocks.1.attentions.1.transformer_blocks.0.norm2,unet.down_blocks.1.attentions.1.transformer_blocks.0.norm2,LayerNorm,transformer_block,torch.Tensor,"[1, 1024, 640]",torch.float16,cuda:0,655360,1.25,
unet.down_blocks.1.attentions.1.transformer_blocks.0.attn2,unet.down_blocks.1.attentions.1.transformer_blocks.0.attn2,Attention,cross_attention,torch.Tensor,"[1, 1024, 640]",torch.float16,cuda:0,655360,1.25,
unet.down_blocks.1.attentions.1.transformer_blocks.0.attn2.to_q,unet.down_blocks.1.attentions.1.transformer_blocks.0.attn2.to_q,Linear,cross_attention,torch.Tensor,"[1, 1024, 640]",torch.float16,cuda:0,655360,1.25,
unet.down_blocks.1.attentions.1.transformer_blocks.0.attn2.to_k,unet.down_blocks.1.attentions.1.transformer_blocks.0.attn2.to_k,Linear,cross_attention,torch.Tensor,"[1, 77, 640]",torch.float16,cuda:0,49280,0.093994140625,
unet.down_blocks.1.attentions.1.transformer_blocks.0.attn2.to_v,unet.down_blocks.1.attentions.1.transformer_blocks.0.attn2.to_v,Linear,cross_attention,torch.Tensor,"[1, 77, 640]",torch.float16,cuda:0,49280,0.093994140625,
unet.down_blocks.1.attentions.1.transformer_blocks.0.attn2.to_out,unet.down_blocks.1.attentions.1.transformer_blocks.0.attn2.to_out,ModuleList,cross_attention,,None,,,,,
unet.down_blocks.1.attentions.1.transformer_blocks.0.attn2.to_out.0,unet.down_blocks.1.attentions.1.transformer_blocks.0.attn2.to_out.0,Linear,cross_attention,torch.Tensor,"[1, 1024, 640]",torch.float16,cuda:0,655360,1.25,
unet.down_blocks.1.attentions.1.transformer_blocks.0.attn2.to_out.1,unet.down_blocks.1.attentions.1.transformer_blocks.0.attn2.to_out.1,Dropout,cross_attention,torch.Tensor,"[1, 1024, 640]",torch.float16,cuda:0,655360,1.25,
unet.down_blocks.1.attentions.1.transformer_blocks.0.norm3,unet.down_blocks.1.attentions.1.transformer_blocks.0.norm3,LayerNorm,transformer_block,torch.Tensor,"[1, 1024, 640]",torch.float16,cuda:0,655360,1.25,
unet.down_blocks.1.attentions.1.transformer_blocks.0.ff,unet.down_blocks.1.attentions.1.transformer_blocks.0.ff,FeedForward,feed_forward,torch.Tensor,"[1, 1024, 640]",torch.float16,cuda:0,655360,1.25,
unet.down_blocks.1.attentions.1.transformer_blocks.0.ff.net,unet.down_blocks.1.attentions.1.transformer_blocks.0.ff.net,ModuleList,feed_forward,,None,,,,,
unet.down_blocks.1.attentions.1.transformer_blocks.0.ff.net.0,unet.down_blocks.1.attentions.1.transformer_blocks.0.ff.net.0,GEGLU,feed_forward,torch.Tensor,"[1, 1024, 2560]",torch.float16,cuda:0,2621440,5.0,
unet.down_blocks.1.attentions.1.transformer_blocks.0.ff.net.0.proj,unet.down_blocks.1.attentions.1.transformer_blocks.0.ff.net.0.proj,Linear,feed_forward,torch.Tensor,"[1, 1024, 5120]",torch.float16,cuda:0,5242880,10.0,
unet.down_blocks.1.attentions.1.transformer_blocks.0.ff.net.1,unet.down_blocks.1.attentions.1.transformer_blocks.0.ff.net.1,Dropout,feed_forward,torch.Tensor,"[1, 1024, 2560]",torch.float16,cuda:0,2621440,5.0,
unet.down_blocks.1.attentions.1.transformer_blocks.0.ff.net.2,unet.down_blocks.1.attentions.1.transformer_blocks.0.ff.net.2,Linear,feed_forward,torch.Tensor,"[1, 1024, 640]",torch.float16,cuda:0,655360,1.25,
unet.down_blocks.2,unet.down_blocks.2,CrossAttnDownBlock2D,down_block,torch.Tensor,"[1, 1280, 8, 8]",torch.float16,cuda:0,81920,0.15625,
unet.down_blocks.2.attentions.0.transformer_blocks,unet.down_blocks.2.attentions.0.transformer_blocks,ModuleList,transformer_block,,None,,,,,
unet.down_blocks.2.attentions.0.transformer_blocks.0,unet.down_blocks.2.attentions.0.transformer_blocks.0,BasicTransformerBlock,transformer_block,torch.Tensor,"[1, 256, 1280]",torch.float16,cuda:0,327680,0.625,
unet.down_blocks.2.attentions.0.transformer_blocks.0.norm1,unet.down_blocks.2.attentions.0.transformer_blocks.0.norm1,LayerNorm,transformer_block,torch.Tensor,"[1, 256, 1280]",torch.float16,cuda:0,327680,0.625,
unet.down_blocks.2.attentions.0.transformer_blocks.0.attn1,unet.down_blocks.2.attentions.0.transformer_blocks.0.attn1,Attention,self_attention,torch.Tensor,"[1, 256, 1280]",torch.float16,cuda:0,327680,0.625,
unet.down_blocks.2.attentions.0.transformer_blocks.0.attn1.to_q,unet.down_blocks.2.attentions.0.transformer_blocks.0.attn1.to_q,Linear,self_attention,torch.Tensor,"[1, 256, 1280]",torch.float16,cuda:0,327680,0.625,
unet.down_blocks.2.attentions.0.transformer_blocks.0.attn1.to_k,unet.down_blocks.2.attentions.0.transformer_blocks.0.attn1.to_k,Linear,self_attention,torch.Tensor,"[1, 256, 1280]",torch.float16,cuda:0,327680,0.625,
unet.down_blocks.2.attentions.0.transformer_blocks.0.attn1.to_v,unet.down_blocks.2.attentions.0.transformer_blocks.0.attn1.to_v,Linear,self_attention,torch.Tensor,"[1, 256, 1280]",torch.float16,cuda:0,327680,0.625,
unet.down_blocks.2.attentions.0.transformer_blocks.0.attn1.to_out,unet.down_blocks.2.attentions.0.transformer_blocks.0.attn1.to_out,ModuleList,self_attention,,None,,,,,
unet.down_blocks.2.attentions.0.transformer_blocks.0.attn1.to_out.0,unet.down_blocks.2.attentions.0.transformer_blocks.0.attn1.to_out.0,Linear,self_attention,torch.Tensor,"[1, 256, 1280]",torch.float16,cuda:0,327680,0.625,
unet.down_blocks.2.attentions.0.transformer_blocks.0.attn1.to_out.1,unet.down_blocks.2.attentions.0.transformer_blocks.0.attn1.to_out.1,Dropout,self_attention,torch.Tensor,"[1, 256, 1280]",torch.float16,cuda:0,327680,0.625,
unet.down_blocks.2.attentions.0.transformer_blocks.0.norm2,unet.down_blocks.2.attentions.0.transformer_blocks.0.norm2,LayerNorm,transformer_block,torch.Tensor,"[1, 256, 1280]",torch.float16,cuda:0,327680,0.625,
unet.down_blocks.2.attentions.0.transformer_blocks.0.attn2,unet.down_blocks.2.attentions.0.transformer_blocks.0.attn2,Attention,cross_attention,torch.Tensor,"[1, 256, 1280]",torch.float16,cuda:0,327680,0.625,
unet.down_blocks.2.attentions.0.transformer_blocks.0.attn2.to_q,unet.down_blocks.2.attentions.0.transformer_blocks.0.attn2.to_q,Linear,cross_attention,torch.Tensor,"[1, 256, 1280]",torch.float16,cuda:0,327680,0.625,
unet.down_blocks.2.attentions.0.transformer_blocks.0.attn2.to_k,unet.down_blocks.2.attentions.0.transformer_blocks.0.attn2.to_k,Linear,cross_attention,torch.Tensor,"[1, 77, 1280]",torch.float16,cuda:0,98560,0.18798828125,
unet.down_blocks.2.attentions.0.transformer_blocks.0.attn2.to_v,unet.down_blocks.2.attentions.0.transformer_blocks.0.attn2.to_v,Linear,cross_attention,torch.Tensor,"[1, 77, 1280]",torch.float16,cuda:0,98560,0.18798828125,
unet.down_blocks.2.attentions.0.transformer_blocks.0.attn2.to_out,unet.down_blocks.2.attentions.0.transformer_blocks.0.attn2.to_out,ModuleList,cross_attention,,None,,,,,
unet.down_blocks.2.attentions.0.transformer_blocks.0.attn2.to_out.0,unet.down_blocks.2.attentions.0.transformer_blocks.0.attn2.to_out.0,Linear,cross_attention,torch.Tensor,"[1, 256, 1280]",torch.float16,cuda:0,327680,0.625,
unet.down_blocks.2.attentions.0.transformer_blocks.0.attn2.to_out.1,unet.down_blocks.2.attentions.0.transformer_blocks.0.attn2.to_out.1,Dropout,cross_attention,torch.Tensor,"[1, 256, 1280]",torch.float16,cuda:0,327680,0.625,
unet.down_blocks.2.attentions.0.transformer_blocks.0.norm3,unet.down_blocks.2.attentions.0.transformer_blocks.0.norm3,LayerNorm,transformer_block,torch.Tensor,"[1, 256, 1280]",torch.float16,cuda:0,327680,0.625,
unet.down_blocks.2.attentions.0.transformer_blocks.0.ff,unet.down_blocks.2.attentions.0.transformer_blocks.0.ff,FeedForward,feed_forward,torch.Tensor,"[1, 256, 1280]",torch.float16,cuda:0,327680,0.625,
unet.down_blocks.2.attentions.0.transformer_blocks.0.ff.net,unet.down_blocks.2.attentions.0.transformer_blocks.0.ff.net,ModuleList,feed_forward,,None,,,,,
unet.down_blocks.2.attentions.0.transformer_blocks.0.ff.net.0,unet.down_blocks.2.attentions.0.transformer_blocks.0.ff.net.0,GEGLU,feed_forward,torch.Tensor,"[1, 256, 5120]",torch.float16,cuda:0,1310720,2.5,
unet.down_blocks.2.attentions.0.transformer_blocks.0.ff.net.0.proj,unet.down_blocks.2.attentions.0.transformer_blocks.0.ff.net.0.proj,Linear,feed_forward,torch.Tensor,"[1, 256, 10240]",torch.float16,cuda:0,2621440,5.0,
unet.down_blocks.2.attentions.0.transformer_blocks.0.ff.net.1,unet.down_blocks.2.attentions.0.transformer_blocks.0.ff.net.1,Dropout,feed_forward,torch.Tensor,"[1, 256, 5120]",torch.float16,cuda:0,1310720,2.5,
unet.down_blocks.2.attentions.0.transformer_blocks.0.ff.net.2,unet.down_blocks.2.attentions.0.transformer_blocks.0.ff.net.2,Linear,feed_forward,torch.Tensor,"[1, 256, 1280]",torch.float16,cuda:0,327680,0.625,
unet.down_blocks.2.attentions.1.transformer_blocks,unet.down_blocks.2.attentions.1.transformer_blocks,ModuleList,transformer_block,,None,,,,,
unet.down_blocks.2.attentions.1.transformer_blocks.0,unet.down_blocks.2.attentions.1.transformer_blocks.0,BasicTransformerBlock,transformer_block,torch.Tensor,"[1, 256, 1280]",torch.float16,cuda:0,327680,0.625,
unet.down_blocks.2.attentions.1.transformer_blocks.0.norm1,unet.down_blocks.2.attentions.1.transformer_blocks.0.norm1,LayerNorm,transformer_block,torch.Tensor,"[1, 256, 1280]",torch.float16,cuda:0,327680,0.625,
unet.down_blocks.2.attentions.1.transformer_blocks.0.attn1,unet.down_blocks.2.attentions.1.transformer_blocks.0.attn1,Attention,self_attention,torch.Tensor,"[1, 256, 1280]",torch.float16,cuda:0,327680,0.625,
unet.down_blocks.2.attentions.1.transformer_blocks.0.attn1.to_q,unet.down_blocks.2.attentions.1.transformer_blocks.0.attn1.to_q,Linear,self_attention,torch.Tensor,"[1, 256, 1280]",torch.float16,cuda:0,327680,0.625,
unet.down_blocks.2.attentions.1.transformer_blocks.0.attn1.to_k,unet.down_blocks.2.attentions.1.transformer_blocks.0.attn1.to_k,Linear,self_attention,torch.Tensor,"[1, 256, 1280]",torch.float16,cuda:0,327680,0.625,
unet.down_blocks.2.attentions.1.transformer_blocks.0.attn1.to_v,unet.down_blocks.2.attentions.1.transformer_blocks.0.attn1.to_v,Linear,self_attention,torch.Tensor,"[1, 256, 1280]",torch.float16,cuda:0,327680,0.625,
unet.down_blocks.2.attentions.1.transformer_blocks.0.attn1.to_out,unet.down_blocks.2.attentions.1.transformer_blocks.0.attn1.to_out,ModuleList,self_attention,,None,,,,,
unet.down_blocks.2.attentions.1.transformer_blocks.0.attn1.to_out.0,unet.down_blocks.2.attentions.1.transformer_blocks.0.attn1.to_out.0,Linear,self_attention,torch.Tensor,"[1, 256, 1280]",torch.float16,cuda:0,327680,0.625,
unet.down_blocks.2.attentions.1.transformer_blocks.0.attn1.to_out.1,unet.down_blocks.2.attentions.1.transformer_blocks.0.attn1.to_out.1,Dropout,self_attention,torch.Tensor,"[1, 256, 1280]",torch.float16,cuda:0,327680,0.625,
unet.down_blocks.2.attentions.1.transformer_blocks.0.norm2,unet.down_blocks.2.attentions.1.transformer_blocks.0.norm2,LayerNorm,transformer_block,torch.Tensor,"[1, 256, 1280]",torch.float16,cuda:0,327680,0.625,
unet.down_blocks.2.attentions.1.transformer_blocks.0.attn2,unet.down_blocks.2.attentions.1.transformer_blocks.0.attn2,Attention,cross_attention,torch.Tensor,"[1, 256, 1280]",torch.float16,cuda:0,327680,0.625,
unet.down_blocks.2.attentions.1.transformer_blocks.0.attn2.to_q,unet.down_blocks.2.attentions.1.transformer_blocks.0.attn2.to_q,Linear,cross_attention,torch.Tensor,"[1, 256, 1280]",torch.float16,cuda:0,327680,0.625,
unet.down_blocks.2.attentions.1.transformer_blocks.0.attn2.to_k,unet.down_blocks.2.attentions.1.transformer_blocks.0.attn2.to_k,Linear,cross_attention,torch.Tensor,"[1, 77, 1280]",torch.float16,cuda:0,98560,0.18798828125,
unet.down_blocks.2.attentions.1.transformer_blocks.0.attn2.to_v,unet.down_blocks.2.attentions.1.transformer_blocks.0.attn2.to_v,Linear,cross_attention,torch.Tensor,"[1, 77, 1280]",torch.float16,cuda:0,98560,0.18798828125,
unet.down_blocks.2.attentions.1.transformer_blocks.0.attn2.to_out,unet.down_blocks.2.attentions.1.transformer_blocks.0.attn2.to_out,ModuleList,cross_attention,,None,,,,,
unet.down_blocks.2.attentions.1.transformer_blocks.0.attn2.to_out.0,unet.down_blocks.2.attentions.1.transformer_blocks.0.attn2.to_out.0,Linear,cross_attention,torch.Tensor,"[1, 256, 1280]",torch.float16,cuda:0,327680,0.625,
unet.down_blocks.2.attentions.1.transformer_blocks.0.attn2.to_out.1,unet.down_blocks.2.attentions.1.transformer_blocks.0.attn2.to_out.1,Dropout,cross_attention,torch.Tensor,"[1, 256, 1280]",torch.float16,cuda:0,327680,0.625,
unet.down_blocks.2.attentions.1.transformer_blocks.0.norm3,unet.down_blocks.2.attentions.1.transformer_blocks.0.norm3,LayerNorm,transformer_block,torch.Tensor,"[1, 256, 1280]",torch.float16,cuda:0,327680,0.625,
unet.down_blocks.2.attentions.1.transformer_blocks.0.ff,unet.down_blocks.2.attentions.1.transformer_blocks.0.ff,FeedForward,feed_forward,torch.Tensor,"[1, 256, 1280]",torch.float16,cuda:0,327680,0.625,
unet.down_blocks.2.attentions.1.transformer_blocks.0.ff.net,unet.down_blocks.2.attentions.1.transformer_blocks.0.ff.net,ModuleList,feed_forward,,None,,,,,
unet.down_blocks.2.attentions.1.transformer_blocks.0.ff.net.0,unet.down_blocks.2.attentions.1.transformer_blocks.0.ff.net.0,GEGLU,feed_forward,torch.Tensor,"[1, 256, 5120]",torch.float16,cuda:0,1310720,2.5,
unet.down_blocks.2.attentions.1.transformer_blocks.0.ff.net.0.proj,unet.down_blocks.2.attentions.1.transformer_blocks.0.ff.net.0.proj,Linear,feed_forward,torch.Tensor,"[1, 256, 10240]",torch.float16,cuda:0,2621440,5.0,
unet.down_blocks.2.attentions.1.transformer_blocks.0.ff.net.1,unet.down_blocks.2.attentions.1.transformer_blocks.0.ff.net.1,Dropout,feed_forward,torch.Tensor,"[1, 256, 5120]",torch.float16,cuda:0,1310720,2.5,
unet.down_blocks.2.attentions.1.transformer_blocks.0.ff.net.2,unet.down_blocks.2.attentions.1.transformer_blocks.0.ff.net.2,Linear,feed_forward,torch.Tensor,"[1, 256, 1280]",torch.float16,cuda:0,327680,0.625,
unet.down_blocks.3,unet.down_blocks.3,DownBlock2D,down_block,torch.Tensor,"[1, 1280, 8, 8]",torch.float16,cuda:0,81920,0.15625,
unet.up_blocks,unet.up_blocks,ModuleList,up_block,,None,,,,,
unet.up_blocks.0,unet.up_blocks.0,UpBlock2D,up_block,torch.Tensor,"[1, 1280, 16, 16]",torch.float16,cuda:0,327680,0.625,
unet.up_blocks.1,unet.up_blocks.1,CrossAttnUpBlock2D,up_block,torch.Tensor,"[1, 1280, 32, 32]",torch.float16,cuda:0,1310720,2.5,
unet.up_blocks.1.attentions.0.transformer_blocks,unet.up_blocks.1.attentions.0.transformer_blocks,ModuleList,transformer_block,,None,,,,,
unet.up_blocks.1.attentions.0.transformer_blocks.0,unet.up_blocks.1.attentions.0.transformer_blocks.0,BasicTransformerBlock,transformer_block,torch.Tensor,"[1, 256, 1280]",torch.float16,cuda:0,327680,0.625,
unet.up_blocks.1.attentions.0.transformer_blocks.0.norm1,unet.up_blocks.1.attentions.0.transformer_blocks.0.norm1,LayerNorm,transformer_block,torch.Tensor,"[1, 256, 1280]",torch.float16,cuda:0,327680,0.625,
unet.up_blocks.1.attentions.0.transformer_blocks.0.attn1,unet.up_blocks.1.attentions.0.transformer_blocks.0.attn1,Attention,self_attention,torch.Tensor,"[1, 256, 1280]",torch.float16,cuda:0,327680,0.625,
unet.up_blocks.1.attentions.0.transformer_blocks.0.attn1.to_q,unet.up_blocks.1.attentions.0.transformer_blocks.0.attn1.to_q,Linear,self_attention,torch.Tensor,"[1, 256, 1280]",torch.float16,cuda:0,327680,0.625,
unet.up_blocks.1.attentions.0.transformer_blocks.0.attn1.to_k,unet.up_blocks.1.attentions.0.transformer_blocks.0.attn1.to_k,Linear,self_attention,torch.Tensor,"[1, 256, 1280]",torch.float16,cuda:0,327680,0.625,
unet.up_blocks.1.attentions.0.transformer_blocks.0.attn1.to_v,unet.up_blocks.1.attentions.0.transformer_blocks.0.attn1.to_v,Linear,self_attention,torch.Tensor,"[1, 256, 1280]",torch.float16,cuda:0,327680,0.625,
unet.up_blocks.1.attentions.0.transformer_blocks.0.attn1.to_out,unet.up_blocks.1.attentions.0.transformer_blocks.0.attn1.to_out,ModuleList,self_attention,,None,,,,,
unet.up_blocks.1.attentions.0.transformer_blocks.0.attn1.to_out.0,unet.up_blocks.1.attentions.0.transformer_blocks.0.attn1.to_out.0,Linear,self_attention,torch.Tensor,"[1, 256, 1280]",torch.float16,cuda:0,327680,0.625,
unet.up_blocks.1.attentions.0.transformer_blocks.0.attn1.to_out.1,unet.up_blocks.1.attentions.0.transformer_blocks.0.attn1.to_out.1,Dropout,self_attention,torch.Tensor,"[1, 256, 1280]",torch.float16,cuda:0,327680,0.625,
unet.up_blocks.1.attentions.0.transformer_blocks.0.norm2,unet.up_blocks.1.attentions.0.transformer_blocks.0.norm2,LayerNorm,transformer_block,torch.Tensor,"[1, 256, 1280]",torch.float16,cuda:0,327680,0.625,
unet.up_blocks.1.attentions.0.transformer_blocks.0.attn2,unet.up_blocks.1.attentions.0.transformer_blocks.0.attn2,Attention,cross_attention,torch.Tensor,"[1, 256, 1280]",torch.float16,cuda:0,327680,0.625,
unet.up_blocks.1.attentions.0.transformer_blocks.0.attn2.to_q,unet.up_blocks.1.attentions.0.transformer_blocks.0.attn2.to_q,Linear,cross_attention,torch.Tensor,"[1, 256, 1280]",torch.float16,cuda:0,327680,0.625,
unet.up_blocks.1.attentions.0.transformer_blocks.0.attn2.to_k,unet.up_blocks.1.attentions.0.transformer_blocks.0.attn2.to_k,Linear,cross_attention,torch.Tensor,"[1, 77, 1280]",torch.float16,cuda:0,98560,0.18798828125,
unet.up_blocks.1.attentions.0.transformer_blocks.0.attn2.to_v,unet.up_blocks.1.attentions.0.transformer_blocks.0.attn2.to_v,Linear,cross_attention,torch.Tensor,"[1, 77, 1280]",torch.float16,cuda:0,98560,0.18798828125,
unet.up_blocks.1.attentions.0.transformer_blocks.0.attn2.to_out,unet.up_blocks.1.attentions.0.transformer_blocks.0.attn2.to_out,ModuleList,cross_attention,,None,,,,,
unet.up_blocks.1.attentions.0.transformer_blocks.0.attn2.to_out.0,unet.up_blocks.1.attentions.0.transformer_blocks.0.attn2.to_out.0,Linear,cross_attention,torch.Tensor,"[1, 256, 1280]",torch.float16,cuda:0,327680,0.625,
unet.up_blocks.1.attentions.0.transformer_blocks.0.attn2.to_out.1,unet.up_blocks.1.attentions.0.transformer_blocks.0.attn2.to_out.1,Dropout,cross_attention,torch.Tensor,"[1, 256, 1280]",torch.float16,cuda:0,327680,0.625,
unet.up_blocks.1.attentions.0.transformer_blocks.0.norm3,unet.up_blocks.1.attentions.0.transformer_blocks.0.norm3,LayerNorm,transformer_block,torch.Tensor,"[1, 256, 1280]",torch.float16,cuda:0,327680,0.625,
unet.up_blocks.1.attentions.0.transformer_blocks.0.ff,unet.up_blocks.1.attentions.0.transformer_blocks.0.ff,FeedForward,feed_forward,torch.Tensor,"[1, 256, 1280]",torch.float16,cuda:0,327680,0.625,
unet.up_blocks.1.attentions.0.transformer_blocks.0.ff.net,unet.up_blocks.1.attentions.0.transformer_blocks.0.ff.net,ModuleList,feed_forward,,None,,,,,
unet.up_blocks.1.attentions.0.transformer_blocks.0.ff.net.0,unet.up_blocks.1.attentions.0.transformer_blocks.0.ff.net.0,GEGLU,feed_forward,torch.Tensor,"[1, 256, 5120]",torch.float16,cuda:0,1310720,2.5,
unet.up_blocks.1.attentions.0.transformer_blocks.0.ff.net.0.proj,unet.up_blocks.1.attentions.0.transformer_blocks.0.ff.net.0.proj,Linear,feed_forward,torch.Tensor,"[1, 256, 10240]",torch.float16,cuda:0,2621440,5.0,
unet.up_blocks.1.attentions.0.transformer_blocks.0.ff.net.1,unet.up_blocks.1.attentions.0.transformer_blocks.0.ff.net.1,Dropout,feed_forward,torch.Tensor,"[1, 256, 5120]",torch.float16,cuda:0,1310720,2.5,
unet.up_blocks.1.attentions.0.transformer_blocks.0.ff.net.2,unet.up_blocks.1.attentions.0.transformer_blocks.0.ff.net.2,Linear,feed_forward,torch.Tensor,"[1, 256, 1280]",torch.float16,cuda:0,327680,0.625,
unet.up_blocks.1.attentions.1.transformer_blocks,unet.up_blocks.1.attentions.1.transformer_blocks,ModuleList,transformer_block,,None,,,,,
unet.up_blocks.1.attentions.1.transformer_blocks.0,unet.up_blocks.1.attentions.1.transformer_blocks.0,BasicTransformerBlock,transformer_block,torch.Tensor,"[1, 256, 1280]",torch.float16,cuda:0,327680,0.625,
unet.up_blocks.1.attentions.1.transformer_blocks.0.norm1,unet.up_blocks.1.attentions.1.transformer_blocks.0.norm1,LayerNorm,transformer_block,torch.Tensor,"[1, 256, 1280]",torch.float16,cuda:0,327680,0.625,
unet.up_blocks.1.attentions.1.transformer_blocks.0.attn1,unet.up_blocks.1.attentions.1.transformer_blocks.0.attn1,Attention,self_attention,torch.Tensor,"[1, 256, 1280]",torch.float16,cuda:0,327680,0.625,
unet.up_blocks.1.attentions.1.transformer_blocks.0.attn1.to_q,unet.up_blocks.1.attentions.1.transformer_blocks.0.attn1.to_q,Linear,self_attention,torch.Tensor,"[1, 256, 1280]",torch.float16,cuda:0,327680,0.625,
unet.up_blocks.1.attentions.1.transformer_blocks.0.attn1.to_k,unet.up_blocks.1.attentions.1.transformer_blocks.0.attn1.to_k,Linear,self_attention,torch.Tensor,"[1, 256, 1280]",torch.float16,cuda:0,327680,0.625,
unet.up_blocks.1.attentions.1.transformer_blocks.0.attn1.to_v,unet.up_blocks.1.attentions.1.transformer_blocks.0.attn1.to_v,Linear,self_attention,torch.Tensor,"[1, 256, 1280]",torch.float16,cuda:0,327680,0.625,
unet.up_blocks.1.attentions.1.transformer_blocks.0.attn1.to_out,unet.up_blocks.1.attentions.1.transformer_blocks.0.attn1.to_out,ModuleList,self_attention,,None,,,,,
unet.up_blocks.1.attentions.1.transformer_blocks.0.attn1.to_out.0,unet.up_blocks.1.attentions.1.transformer_blocks.0.attn1.to_out.0,Linear,self_attention,torch.Tensor,"[1, 256, 1280]",torch.float16,cuda:0,327680,0.625,
unet.up_blocks.1.attentions.1.transformer_blocks.0.attn1.to_out.1,unet.up_blocks.1.attentions.1.transformer_blocks.0.attn1.to_out.1,Dropout,self_attention,torch.Tensor,"[1, 256, 1280]",torch.float16,cuda:0,327680,0.625,
unet.up_blocks.1.attentions.1.transformer_blocks.0.norm2,unet.up_blocks.1.attentions.1.transformer_blocks.0.norm2,LayerNorm,transformer_block,torch.Tensor,"[1, 256, 1280]",torch.float16,cuda:0,327680,0.625,
unet.up_blocks.1.attentions.1.transformer_blocks.0.attn2,unet.up_blocks.1.attentions.1.transformer_blocks.0.attn2,Attention,cross_attention,torch.Tensor,"[1, 256, 1280]",torch.float16,cuda:0,327680,0.625,
unet.up_blocks.1.attentions.1.transformer_blocks.0.attn2.to_q,unet.up_blocks.1.attentions.1.transformer_blocks.0.attn2.to_q,Linear,cross_attention,torch.Tensor,"[1, 256, 1280]",torch.float16,cuda:0,327680,0.625,
unet.up_blocks.1.attentions.1.transformer_blocks.0.attn2.to_k,unet.up_blocks.1.attentions.1.transformer_blocks.0.attn2.to_k,Linear,cross_attention,torch.Tensor,"[1, 77, 1280]",torch.float16,cuda:0,98560,0.18798828125,
unet.up_blocks.1.attentions.1.transformer_blocks.0.attn2.to_v,unet.up_blocks.1.attentions.1.transformer_blocks.0.attn2.to_v,Linear,cross_attention,torch.Tensor,"[1, 77, 1280]",torch.float16,cuda:0,98560,0.18798828125,
unet.up_blocks.1.attentions.1.transformer_blocks.0.attn2.to_out,unet.up_blocks.1.attentions.1.transformer_blocks.0.attn2.to_out,ModuleList,cross_attention,,None,,,,,
unet.up_blocks.1.attentions.1.transformer_blocks.0.attn2.to_out.0,unet.up_blocks.1.attentions.1.transformer_blocks.0.attn2.to_out.0,Linear,cross_attention,torch.Tensor,"[1, 256, 1280]",torch.float16,cuda:0,327680,0.625,
unet.up_blocks.1.attentions.1.transformer_blocks.0.attn2.to_out.1,unet.up_blocks.1.attentions.1.transformer_blocks.0.attn2.to_out.1,Dropout,cross_attention,torch.Tensor,"[1, 256, 1280]",torch.float16,cuda:0,327680,0.625,
unet.up_blocks.1.attentions.1.transformer_blocks.0.norm3,unet.up_blocks.1.attentions.1.transformer_blocks.0.norm3,LayerNorm,transformer_block,torch.Tensor,"[1, 256, 1280]",torch.float16,cuda:0,327680,0.625,
unet.up_blocks.1.attentions.1.transformer_blocks.0.ff,unet.up_blocks.1.attentions.1.transformer_blocks.0.ff,FeedForward,feed_forward,torch.Tensor,"[1, 256, 1280]",torch.float16,cuda:0,327680,0.625,
unet.up_blocks.1.attentions.1.transformer_blocks.0.ff.net,unet.up_blocks.1.attentions.1.transformer_blocks.0.ff.net,ModuleList,feed_forward,,None,,,,,
unet.up_blocks.1.attentions.1.transformer_blocks.0.ff.net.0,unet.up_blocks.1.attentions.1.transformer_blocks.0.ff.net.0,GEGLU,feed_forward,torch.Tensor,"[1, 256, 5120]",torch.float16,cuda:0,1310720,2.5,
unet.up_blocks.1.attentions.1.transformer_blocks.0.ff.net.0.proj,unet.up_blocks.1.attentions.1.transformer_blocks.0.ff.net.0.proj,Linear,feed_forward,torch.Tensor,"[1, 256, 10240]",torch.float16,cuda:0,2621440,5.0,
unet.up_blocks.1.attentions.1.transformer_blocks.0.ff.net.1,unet.up_blocks.1.attentions.1.transformer_blocks.0.ff.net.1,Dropout,feed_forward,torch.Tensor,"[1, 256, 5120]",torch.float16,cuda:0,1310720,2.5,
unet.up_blocks.1.attentions.1.transformer_blocks.0.ff.net.2,unet.up_blocks.1.attentions.1.transformer_blocks.0.ff.net.2,Linear,feed_forward,torch.Tensor,"[1, 256, 1280]",torch.float16,cuda:0,327680,0.625,
unet.up_blocks.1.attentions.2.transformer_blocks,unet.up_blocks.1.attentions.2.transformer_blocks,ModuleList,transformer_block,,None,,,,,
unet.up_blocks.1.attentions.2.transformer_blocks.0,unet.up_blocks.1.attentions.2.transformer_blocks.0,BasicTransformerBlock,transformer_block,torch.Tensor,"[1, 256, 1280]",torch.float16,cuda:0,327680,0.625,
unet.up_blocks.1.attentions.2.transformer_blocks.0.norm1,unet.up_blocks.1.attentions.2.transformer_blocks.0.norm1,LayerNorm,transformer_block,torch.Tensor,"[1, 256, 1280]",torch.float16,cuda:0,327680,0.625,
unet.up_blocks.1.attentions.2.transformer_blocks.0.attn1,unet.up_blocks.1.attentions.2.transformer_blocks.0.attn1,Attention,self_attention,torch.Tensor,"[1, 256, 1280]",torch.float16,cuda:0,327680,0.625,
unet.up_blocks.1.attentions.2.transformer_blocks.0.attn1.to_q,unet.up_blocks.1.attentions.2.transformer_blocks.0.attn1.to_q,Linear,self_attention,torch.Tensor,"[1, 256, 1280]",torch.float16,cuda:0,327680,0.625,
unet.up_blocks.1.attentions.2.transformer_blocks.0.attn1.to_k,unet.up_blocks.1.attentions.2.transformer_blocks.0.attn1.to_k,Linear,self_attention,torch.Tensor,"[1, 256, 1280]",torch.float16,cuda:0,327680,0.625,
unet.up_blocks.1.attentions.2.transformer_blocks.0.attn1.to_v,unet.up_blocks.1.attentions.2.transformer_blocks.0.attn1.to_v,Linear,self_attention,torch.Tensor,"[1, 256, 1280]",torch.float16,cuda:0,327680,0.625,
unet.up_blocks.1.attentions.2.transformer_blocks.0.attn1.to_out,unet.up_blocks.1.attentions.2.transformer_blocks.0.attn1.to_out,ModuleList,self_attention,,None,,,,,
unet.up_blocks.1.attentions.2.transformer_blocks.0.attn1.to_out.0,unet.up_blocks.1.attentions.2.transformer_blocks.0.attn1.to_out.0,Linear,self_attention,torch.Tensor,"[1, 256, 1280]",torch.float16,cuda:0,327680,0.625,
unet.up_blocks.1.attentions.2.transformer_blocks.0.attn1.to_out.1,unet.up_blocks.1.attentions.2.transformer_blocks.0.attn1.to_out.1,Dropout,self_attention,torch.Tensor,"[1, 256, 1280]",torch.float16,cuda:0,327680,0.625,
unet.up_blocks.1.attentions.2.transformer_blocks.0.norm2,unet.up_blocks.1.attentions.2.transformer_blocks.0.norm2,LayerNorm,transformer_block,torch.Tensor,"[1, 256, 1280]",torch.float16,cuda:0,327680,0.625,
unet.up_blocks.1.attentions.2.transformer_blocks.0.attn2,unet.up_blocks.1.attentions.2.transformer_blocks.0.attn2,Attention,cross_attention,torch.Tensor,"[1, 256, 1280]",torch.float16,cuda:0,327680,0.625,
unet.up_blocks.1.attentions.2.transformer_blocks.0.attn2.to_q,unet.up_blocks.1.attentions.2.transformer_blocks.0.attn2.to_q,Linear,cross_attention,torch.Tensor,"[1, 256, 1280]",torch.float16,cuda:0,327680,0.625,
unet.up_blocks.1.attentions.2.transformer_blocks.0.attn2.to_k,unet.up_blocks.1.attentions.2.transformer_blocks.0.attn2.to_k,Linear,cross_attention,torch.Tensor,"[1, 77, 1280]",torch.float16,cuda:0,98560,0.18798828125,
unet.up_blocks.1.attentions.2.transformer_blocks.0.attn2.to_v,unet.up_blocks.1.attentions.2.transformer_blocks.0.attn2.to_v,Linear,cross_attention,torch.Tensor,"[1, 77, 1280]",torch.float16,cuda:0,98560,0.18798828125,
unet.up_blocks.1.attentions.2.transformer_blocks.0.attn2.to_out,unet.up_blocks.1.attentions.2.transformer_blocks.0.attn2.to_out,ModuleList,cross_attention,,None,,,,,
unet.up_blocks.1.attentions.2.transformer_blocks.0.attn2.to_out.0,unet.up_blocks.1.attentions.2.transformer_blocks.0.attn2.to_out.0,Linear,cross_attention,torch.Tensor,"[1, 256, 1280]",torch.float16,cuda:0,327680,0.625,
unet.up_blocks.1.attentions.2.transformer_blocks.0.attn2.to_out.1,unet.up_blocks.1.attentions.2.transformer_blocks.0.attn2.to_out.1,Dropout,cross_attention,torch.Tensor,"[1, 256, 1280]",torch.float16,cuda:0,327680,0.625,
unet.up_blocks.1.attentions.2.transformer_blocks.0.norm3,unet.up_blocks.1.attentions.2.transformer_blocks.0.norm3,LayerNorm,transformer_block,torch.Tensor,"[1, 256, 1280]",torch.float16,cuda:0,327680,0.625,
unet.up_blocks.1.attentions.2.transformer_blocks.0.ff,unet.up_blocks.1.attentions.2.transformer_blocks.0.ff,FeedForward,feed_forward,torch.Tensor,"[1, 256, 1280]",torch.float16,cuda:0,327680,0.625,
unet.up_blocks.1.attentions.2.transformer_blocks.0.ff.net,unet.up_blocks.1.attentions.2.transformer_blocks.0.ff.net,ModuleList,feed_forward,,None,,,,,
unet.up_blocks.1.attentions.2.transformer_blocks.0.ff.net.0,unet.up_blocks.1.attentions.2.transformer_blocks.0.ff.net.0,GEGLU,feed_forward,torch.Tensor,"[1, 256, 5120]",torch.float16,cuda:0,1310720,2.5,
unet.up_blocks.1.attentions.2.transformer_blocks.0.ff.net.0.proj,unet.up_blocks.1.attentions.2.transformer_blocks.0.ff.net.0.proj,Linear,feed_forward,torch.Tensor,"[1, 256, 10240]",torch.float16,cuda:0,2621440,5.0,
unet.up_blocks.1.attentions.2.transformer_blocks.0.ff.net.1,unet.up_blocks.1.attentions.2.transformer_blocks.0.ff.net.1,Dropout,feed_forward,torch.Tensor,"[1, 256, 5120]",torch.float16,cuda:0,1310720,2.5,
unet.up_blocks.1.attentions.2.transformer_blocks.0.ff.net.2,unet.up_blocks.1.attentions.2.transformer_blocks.0.ff.net.2,Linear,feed_forward,torch.Tensor,"[1, 256, 1280]",torch.float16,cuda:0,327680,0.625,
unet.up_blocks.2,unet.up_blocks.2,CrossAttnUpBlock2D,up_block,torch.Tensor,"[1, 640, 64, 64]",torch.float16,cuda:0,2621440,5.0,
unet.up_blocks.2.attentions.0.transformer_blocks,unet.up_blocks.2.attentions.0.transformer_blocks,ModuleList,transformer_block,,None,,,,,
unet.up_blocks.2.attentions.0.transformer_blocks.0,unet.up_blocks.2.attentions.0.transformer_blocks.0,BasicTransformerBlock,transformer_block,torch.Tensor,"[1, 1024, 640]",torch.float16,cuda:0,655360,1.25,
unet.up_blocks.2.attentions.0.transformer_blocks.0.norm1,unet.up_blocks.2.attentions.0.transformer_blocks.0.norm1,LayerNorm,transformer_block,torch.Tensor,"[1, 1024, 640]",torch.float16,cuda:0,655360,1.25,
unet.up_blocks.2.attentions.0.transformer_blocks.0.attn1,unet.up_blocks.2.attentions.0.transformer_blocks.0.attn1,Attention,self_attention,torch.Tensor,"[1, 1024, 640]",torch.float16,cuda:0,655360,1.25,
unet.up_blocks.2.attentions.0.transformer_blocks.0.attn1.to_q,unet.up_blocks.2.attentions.0.transformer_blocks.0.attn1.to_q,Linear,self_attention,torch.Tensor,"[1, 1024, 640]",torch.float16,cuda:0,655360,1.25,
unet.up_blocks.2.attentions.0.transformer_blocks.0.attn1.to_k,unet.up_blocks.2.attentions.0.transformer_blocks.0.attn1.to_k,Linear,self_attention,torch.Tensor,"[1, 1024, 640]",torch.float16,cuda:0,655360,1.25,
unet.up_blocks.2.attentions.0.transformer_blocks.0.attn1.to_v,unet.up_blocks.2.attentions.0.transformer_blocks.0.attn1.to_v,Linear,self_attention,torch.Tensor,"[1, 1024, 640]",torch.float16,cuda:0,655360,1.25,
unet.up_blocks.2.attentions.0.transformer_blocks.0.attn1.to_out,unet.up_blocks.2.attentions.0.transformer_blocks.0.attn1.to_out,ModuleList,self_attention,,None,,,,,
unet.up_blocks.2.attentions.0.transformer_blocks.0.attn1.to_out.0,unet.up_blocks.2.attentions.0.transformer_blocks.0.attn1.to_out.0,Linear,self_attention,torch.Tensor,"[1, 1024, 640]",torch.float16,cuda:0,655360,1.25,
unet.up_blocks.2.attentions.0.transformer_blocks.0.attn1.to_out.1,unet.up_blocks.2.attentions.0.transformer_blocks.0.attn1.to_out.1,Dropout,self_attention,torch.Tensor,"[1, 1024, 640]",torch.float16,cuda:0,655360,1.25,
unet.up_blocks.2.attentions.0.transformer_blocks.0.norm2,unet.up_blocks.2.attentions.0.transformer_blocks.0.norm2,LayerNorm,transformer_block,torch.Tensor,"[1, 1024, 640]",torch.float16,cuda:0,655360,1.25,
unet.up_blocks.2.attentions.0.transformer_blocks.0.attn2,unet.up_blocks.2.attentions.0.transformer_blocks.0.attn2,Attention,cross_attention,torch.Tensor,"[1, 1024, 640]",torch.float16,cuda:0,655360,1.25,
unet.up_blocks.2.attentions.0.transformer_blocks.0.attn2.to_q,unet.up_blocks.2.attentions.0.transformer_blocks.0.attn2.to_q,Linear,cross_attention,torch.Tensor,"[1, 1024, 640]",torch.float16,cuda:0,655360,1.25,
unet.up_blocks.2.attentions.0.transformer_blocks.0.attn2.to_k,unet.up_blocks.2.attentions.0.transformer_blocks.0.attn2.to_k,Linear,cross_attention,torch.Tensor,"[1, 77, 640]",torch.float16,cuda:0,49280,0.093994140625,
unet.up_blocks.2.attentions.0.transformer_blocks.0.attn2.to_v,unet.up_blocks.2.attentions.0.transformer_blocks.0.attn2.to_v,Linear,cross_attention,torch.Tensor,"[1, 77, 640]",torch.float16,cuda:0,49280,0.093994140625,
unet.up_blocks.2.attentions.0.transformer_blocks.0.attn2.to_out,unet.up_blocks.2.attentions.0.transformer_blocks.0.attn2.to_out,ModuleList,cross_attention,,None,,,,,
unet.up_blocks.2.attentions.0.transformer_blocks.0.attn2.to_out.0,unet.up_blocks.2.attentions.0.transformer_blocks.0.attn2.to_out.0,Linear,cross_attention,torch.Tensor,"[1, 1024, 640]",torch.float16,cuda:0,655360,1.25,
unet.up_blocks.2.attentions.0.transformer_blocks.0.attn2.to_out.1,unet.up_blocks.2.attentions.0.transformer_blocks.0.attn2.to_out.1,Dropout,cross_attention,torch.Tensor,"[1, 1024, 640]",torch.float16,cuda:0,655360,1.25,
unet.up_blocks.2.attentions.0.transformer_blocks.0.norm3,unet.up_blocks.2.attentions.0.transformer_blocks.0.norm3,LayerNorm,transformer_block,torch.Tensor,"[1, 1024, 640]",torch.float16,cuda:0,655360,1.25,
unet.up_blocks.2.attentions.0.transformer_blocks.0.ff,unet.up_blocks.2.attentions.0.transformer_blocks.0.ff,FeedForward,feed_forward,torch.Tensor,"[1, 1024, 640]",torch.float16,cuda:0,655360,1.25,
unet.up_blocks.2.attentions.0.transformer_blocks.0.ff.net,unet.up_blocks.2.attentions.0.transformer_blocks.0.ff.net,ModuleList,feed_forward,,None,,,,,
unet.up_blocks.2.attentions.0.transformer_blocks.0.ff.net.0,unet.up_blocks.2.attentions.0.transformer_blocks.0.ff.net.0,GEGLU,feed_forward,torch.Tensor,"[1, 1024, 2560]",torch.float16,cuda:0,2621440,5.0,
unet.up_blocks.2.attentions.0.transformer_blocks.0.ff.net.0.proj,unet.up_blocks.2.attentions.0.transformer_blocks.0.ff.net.0.proj,Linear,feed_forward,torch.Tensor,"[1, 1024, 5120]",torch.float16,cuda:0,5242880,10.0,
unet.up_blocks.2.attentions.0.transformer_blocks.0.ff.net.1,unet.up_blocks.2.attentions.0.transformer_blocks.0.ff.net.1,Dropout,feed_forward,torch.Tensor,"[1, 1024, 2560]",torch.float16,cuda:0,2621440,5.0,
unet.up_blocks.2.attentions.0.transformer_blocks.0.ff.net.2,unet.up_blocks.2.attentions.0.transformer_blocks.0.ff.net.2,Linear,feed_forward,torch.Tensor,"[1, 1024, 640]",torch.float16,cuda:0,655360,1.25,
unet.up_blocks.2.attentions.1.transformer_blocks,unet.up_blocks.2.attentions.1.transformer_blocks,ModuleList,transformer_block,,None,,,,,
unet.up_blocks.2.attentions.1.transformer_blocks.0,unet.up_blocks.2.attentions.1.transformer_blocks.0,BasicTransformerBlock,transformer_block,torch.Tensor,"[1, 1024, 640]",torch.float16,cuda:0,655360,1.25,
unet.up_blocks.2.attentions.1.transformer_blocks.0.norm1,unet.up_blocks.2.attentions.1.transformer_blocks.0.norm1,LayerNorm,transformer_block,torch.Tensor,"[1, 1024, 640]",torch.float16,cuda:0,655360,1.25,
unet.up_blocks.2.attentions.1.transformer_blocks.0.attn1,unet.up_blocks.2.attentions.1.transformer_blocks.0.attn1,Attention,self_attention,torch.Tensor,"[1, 1024, 640]",torch.float16,cuda:0,655360,1.25,
unet.up_blocks.2.attentions.1.transformer_blocks.0.attn1.to_q,unet.up_blocks.2.attentions.1.transformer_blocks.0.attn1.to_q,Linear,self_attention,torch.Tensor,"[1, 1024, 640]",torch.float16,cuda:0,655360,1.25,
unet.up_blocks.2.attentions.1.transformer_blocks.0.attn1.to_k,unet.up_blocks.2.attentions.1.transformer_blocks.0.attn1.to_k,Linear,self_attention,torch.Tensor,"[1, 1024, 640]",torch.float16,cuda:0,655360,1.25,
unet.up_blocks.2.attentions.1.transformer_blocks.0.attn1.to_v,unet.up_blocks.2.attentions.1.transformer_blocks.0.attn1.to_v,Linear,self_attention,torch.Tensor,"[1, 1024, 640]",torch.float16,cuda:0,655360,1.25,
unet.up_blocks.2.attentions.1.transformer_blocks.0.attn1.to_out,unet.up_blocks.2.attentions.1.transformer_blocks.0.attn1.to_out,ModuleList,self_attention,,None,,,,,
unet.up_blocks.2.attentions.1.transformer_blocks.0.attn1.to_out.0,unet.up_blocks.2.attentions.1.transformer_blocks.0.attn1.to_out.0,Linear,self_attention,torch.Tensor,"[1, 1024, 640]",torch.float16,cuda:0,655360,1.25,
unet.up_blocks.2.attentions.1.transformer_blocks.0.attn1.to_out.1,unet.up_blocks.2.attentions.1.transformer_blocks.0.attn1.to_out.1,Dropout,self_attention,torch.Tensor,"[1, 1024, 640]",torch.float16,cuda:0,655360,1.25,
unet.up_blocks.2.attentions.1.transformer_blocks.0.norm2,unet.up_blocks.2.attentions.1.transformer_blocks.0.norm2,LayerNorm,transformer_block,torch.Tensor,"[1, 1024, 640]",torch.float16,cuda:0,655360,1.25,
unet.up_blocks.2.attentions.1.transformer_blocks.0.attn2,unet.up_blocks.2.attentions.1.transformer_blocks.0.attn2,Attention,cross_attention,torch.Tensor,"[1, 1024, 640]",torch.float16,cuda:0,655360,1.25,
unet.up_blocks.2.attentions.1.transformer_blocks.0.attn2.to_q,unet.up_blocks.2.attentions.1.transformer_blocks.0.attn2.to_q,Linear,cross_attention,torch.Tensor,"[1, 1024, 640]",torch.float16,cuda:0,655360,1.25,
unet.up_blocks.2.attentions.1.transformer_blocks.0.attn2.to_k,unet.up_blocks.2.attentions.1.transformer_blocks.0.attn2.to_k,Linear,cross_attention,torch.Tensor,"[1, 77, 640]",torch.float16,cuda:0,49280,0.093994140625,
unet.up_blocks.2.attentions.1.transformer_blocks.0.attn2.to_v,unet.up_blocks.2.attentions.1.transformer_blocks.0.attn2.to_v,Linear,cross_attention,torch.Tensor,"[1, 77, 640]",torch.float16,cuda:0,49280,0.093994140625,
unet.up_blocks.2.attentions.1.transformer_blocks.0.attn2.to_out,unet.up_blocks.2.attentions.1.transformer_blocks.0.attn2.to_out,ModuleList,cross_attention,,None,,,,,
unet.up_blocks.2.attentions.1.transformer_blocks.0.attn2.to_out.0,unet.up_blocks.2.attentions.1.transformer_blocks.0.attn2.to_out.0,Linear,cross_attention,torch.Tensor,"[1, 1024, 640]",torch.float16,cuda:0,655360,1.25,
unet.up_blocks.2.attentions.1.transformer_blocks.0.attn2.to_out.1,unet.up_blocks.2.attentions.1.transformer_blocks.0.attn2.to_out.1,Dropout,cross_attention,torch.Tensor,"[1, 1024, 640]",torch.float16,cuda:0,655360,1.25,
unet.up_blocks.2.attentions.1.transformer_blocks.0.norm3,unet.up_blocks.2.attentions.1.transformer_blocks.0.norm3,LayerNorm,transformer_block,torch.Tensor,"[1, 1024, 640]",torch.float16,cuda:0,655360,1.25,
unet.up_blocks.2.attentions.1.transformer_blocks.0.ff,unet.up_blocks.2.attentions.1.transformer_blocks.0.ff,FeedForward,feed_forward,torch.Tensor,"[1, 1024, 640]",torch.float16,cuda:0,655360,1.25,
unet.up_blocks.2.attentions.1.transformer_blocks.0.ff.net,unet.up_blocks.2.attentions.1.transformer_blocks.0.ff.net,ModuleList,feed_forward,,None,,,,,
unet.up_blocks.2.attentions.1.transformer_blocks.0.ff.net.0,unet.up_blocks.2.attentions.1.transformer_blocks.0.ff.net.0,GEGLU,feed_forward,torch.Tensor,"[1, 1024, 2560]",torch.float16,cuda:0,2621440,5.0,
unet.up_blocks.2.attentions.1.transformer_blocks.0.ff.net.0.proj,unet.up_blocks.2.attentions.1.transformer_blocks.0.ff.net.0.proj,Linear,feed_forward,torch.Tensor,"[1, 1024, 5120]",torch.float16,cuda:0,5242880,10.0,
unet.up_blocks.2.attentions.1.transformer_blocks.0.ff.net.1,unet.up_blocks.2.attentions.1.transformer_blocks.0.ff.net.1,Dropout,feed_forward,torch.Tensor,"[1, 1024, 2560]",torch.float16,cuda:0,2621440,5.0,
unet.up_blocks.2.attentions.1.transformer_blocks.0.ff.net.2,unet.up_blocks.2.attentions.1.transformer_blocks.0.ff.net.2,Linear,feed_forward,torch.Tensor,"[1, 1024, 640]",torch.float16,cuda:0,655360,1.25,
unet.up_blocks.2.attentions.2.transformer_blocks,unet.up_blocks.2.attentions.2.transformer_blocks,ModuleList,transformer_block,,None,,,,,
unet.up_blocks.2.attentions.2.transformer_blocks.0,unet.up_blocks.2.attentions.2.transformer_blocks.0,BasicTransformerBlock,transformer_block,torch.Tensor,"[1, 1024, 640]",torch.float16,cuda:0,655360,1.25,
unet.up_blocks.2.attentions.2.transformer_blocks.0.norm1,unet.up_blocks.2.attentions.2.transformer_blocks.0.norm1,LayerNorm,transformer_block,torch.Tensor,"[1, 1024, 640]",torch.float16,cuda:0,655360,1.25,
unet.up_blocks.2.attentions.2.transformer_blocks.0.attn1,unet.up_blocks.2.attentions.2.transformer_blocks.0.attn1,Attention,self_attention,torch.Tensor,"[1, 1024, 640]",torch.float16,cuda:0,655360,1.25,
unet.up_blocks.2.attentions.2.transformer_blocks.0.attn1.to_q,unet.up_blocks.2.attentions.2.transformer_blocks.0.attn1.to_q,Linear,self_attention,torch.Tensor,"[1, 1024, 640]",torch.float16,cuda:0,655360,1.25,
unet.up_blocks.2.attentions.2.transformer_blocks.0.attn1.to_k,unet.up_blocks.2.attentions.2.transformer_blocks.0.attn1.to_k,Linear,self_attention,torch.Tensor,"[1, 1024, 640]",torch.float16,cuda:0,655360,1.25,
unet.up_blocks.2.attentions.2.transformer_blocks.0.attn1.to_v,unet.up_blocks.2.attentions.2.transformer_blocks.0.attn1.to_v,Linear,self_attention,torch.Tensor,"[1, 1024, 640]",torch.float16,cuda:0,655360,1.25,
unet.up_blocks.2.attentions.2.transformer_blocks.0.attn1.to_out,unet.up_blocks.2.attentions.2.transformer_blocks.0.attn1.to_out,ModuleList,self_attention,,None,,,,,
unet.up_blocks.2.attentions.2.transformer_blocks.0.attn1.to_out.0,unet.up_blocks.2.attentions.2.transformer_blocks.0.attn1.to_out.0,Linear,self_attention,torch.Tensor,"[1, 1024, 640]",torch.float16,cuda:0,655360,1.25,
unet.up_blocks.2.attentions.2.transformer_blocks.0.attn1.to_out.1,unet.up_blocks.2.attentions.2.transformer_blocks.0.attn1.to_out.1,Dropout,self_attention,torch.Tensor,"[1, 1024, 640]",torch.float16,cuda:0,655360,1.25,
unet.up_blocks.2.attentions.2.transformer_blocks.0.norm2,unet.up_blocks.2.attentions.2.transformer_blocks.0.norm2,LayerNorm,transformer_block,torch.Tensor,"[1, 1024, 640]",torch.float16,cuda:0,655360,1.25,
unet.up_blocks.2.attentions.2.transformer_blocks.0.attn2,unet.up_blocks.2.attentions.2.transformer_blocks.0.attn2,Attention,cross_attention,torch.Tensor,"[1, 1024, 640]",torch.float16,cuda:0,655360,1.25,
unet.up_blocks.2.attentions.2.transformer_blocks.0.attn2.to_q,unet.up_blocks.2.attentions.2.transformer_blocks.0.attn2.to_q,Linear,cross_attention,torch.Tensor,"[1, 1024, 640]",torch.float16,cuda:0,655360,1.25,
unet.up_blocks.2.attentions.2.transformer_blocks.0.attn2.to_k,unet.up_blocks.2.attentions.2.transformer_blocks.0.attn2.to_k,Linear,cross_attention,torch.Tensor,"[1, 77, 640]",torch.float16,cuda:0,49280,0.093994140625,
unet.up_blocks.2.attentions.2.transformer_blocks.0.attn2.to_v,unet.up_blocks.2.attentions.2.transformer_blocks.0.attn2.to_v,Linear,cross_attention,torch.Tensor,"[1, 77, 640]",torch.float16,cuda:0,49280,0.093994140625,
unet.up_blocks.2.attentions.2.transformer_blocks.0.attn2.to_out,unet.up_blocks.2.attentions.2.transformer_blocks.0.attn2.to_out,ModuleList,cross_attention,,None,,,,,
unet.up_blocks.2.attentions.2.transformer_blocks.0.attn2.to_out.0,unet.up_blocks.2.attentions.2.transformer_blocks.0.attn2.to_out.0,Linear,cross_attention,torch.Tensor,"[1, 1024, 640]",torch.float16,cuda:0,655360,1.25,
unet.up_blocks.2.attentions.2.transformer_blocks.0.attn2.to_out.1,unet.up_blocks.2.attentions.2.transformer_blocks.0.attn2.to_out.1,Dropout,cross_attention,torch.Tensor,"[1, 1024, 640]",torch.float16,cuda:0,655360,1.25,
unet.up_blocks.2.attentions.2.transformer_blocks.0.norm3,unet.up_blocks.2.attentions.2.transformer_blocks.0.norm3,LayerNorm,transformer_block,torch.Tensor,"[1, 1024, 640]",torch.float16,cuda:0,655360,1.25,
unet.up_blocks.2.attentions.2.transformer_blocks.0.ff,unet.up_blocks.2.attentions.2.transformer_blocks.0.ff,FeedForward,feed_forward,torch.Tensor,"[1, 1024, 640]",torch.float16,cuda:0,655360,1.25,
unet.up_blocks.2.attentions.2.transformer_blocks.0.ff.net,unet.up_blocks.2.attentions.2.transformer_blocks.0.ff.net,ModuleList,feed_forward,,None,,,,,
unet.up_blocks.2.attentions.2.transformer_blocks.0.ff.net.0,unet.up_blocks.2.attentions.2.transformer_blocks.0.ff.net.0,GEGLU,feed_forward,torch.Tensor,"[1, 1024, 2560]",torch.float16,cuda:0,2621440,5.0,
unet.up_blocks.2.attentions.2.transformer_blocks.0.ff.net.0.proj,unet.up_blocks.2.attentions.2.transformer_blocks.0.ff.net.0.proj,Linear,feed_forward,torch.Tensor,"[1, 1024, 5120]",torch.float16,cuda:0,5242880,10.0,
unet.up_blocks.2.attentions.2.transformer_blocks.0.ff.net.1,unet.up_blocks.2.attentions.2.transformer_blocks.0.ff.net.1,Dropout,feed_forward,torch.Tensor,"[1, 1024, 2560]",torch.float16,cuda:0,2621440,5.0,
unet.up_blocks.2.attentions.2.transformer_blocks.0.ff.net.2,unet.up_blocks.2.attentions.2.transformer_blocks.0.ff.net.2,Linear,feed_forward,torch.Tensor,"[1, 1024, 640]",torch.float16,cuda:0,655360,1.25,
unet.up_blocks.3,unet.up_blocks.3,CrossAttnUpBlock2D,up_block,torch.Tensor,"[1, 320, 64, 64]",torch.float16,cuda:0,1310720,2.5,
unet.up_blocks.3.attentions.0.transformer_blocks,unet.up_blocks.3.attentions.0.transformer_blocks,ModuleList,transformer_block,,None,,,,,
unet.up_blocks.3.attentions.0.transformer_blocks.0,unet.up_blocks.3.attentions.0.transformer_blocks.0,BasicTransformerBlock,transformer_block,torch.Tensor,"[1, 4096, 320]",torch.float16,cuda:0,1310720,2.5,
unet.up_blocks.3.attentions.0.transformer_blocks.0.norm1,unet.up_blocks.3.attentions.0.transformer_blocks.0.norm1,LayerNorm,transformer_block,torch.Tensor,"[1, 4096, 320]",torch.float16,cuda:0,1310720,2.5,
unet.up_blocks.3.attentions.0.transformer_blocks.0.attn1,unet.up_blocks.3.attentions.0.transformer_blocks.0.attn1,Attention,self_attention,torch.Tensor,"[1, 4096, 320]",torch.float16,cuda:0,1310720,2.5,
unet.up_blocks.3.attentions.0.transformer_blocks.0.attn1.to_q,unet.up_blocks.3.attentions.0.transformer_blocks.0.attn1.to_q,Linear,self_attention,torch.Tensor,"[1, 4096, 320]",torch.float16,cuda:0,1310720,2.5,
unet.up_blocks.3.attentions.0.transformer_blocks.0.attn1.to_k,unet.up_blocks.3.attentions.0.transformer_blocks.0.attn1.to_k,Linear,self_attention,torch.Tensor,"[1, 4096, 320]",torch.float16,cuda:0,1310720,2.5,
unet.up_blocks.3.attentions.0.transformer_blocks.0.attn1.to_v,unet.up_blocks.3.attentions.0.transformer_blocks.0.attn1.to_v,Linear,self_attention,torch.Tensor,"[1, 4096, 320]",torch.float16,cuda:0,1310720,2.5,
unet.up_blocks.3.attentions.0.transformer_blocks.0.attn1.to_out,unet.up_blocks.3.attentions.0.transformer_blocks.0.attn1.to_out,ModuleList,self_attention,,None,,,,,
unet.up_blocks.3.attentions.0.transformer_blocks.0.attn1.to_out.0,unet.up_blocks.3.attentions.0.transformer_blocks.0.attn1.to_out.0,Linear,self_attention,torch.Tensor,"[1, 4096, 320]",torch.float16,cuda:0,1310720,2.5,
unet.up_blocks.3.attentions.0.transformer_blocks.0.attn1.to_out.1,unet.up_blocks.3.attentions.0.transformer_blocks.0.attn1.to_out.1,Dropout,self_attention,torch.Tensor,"[1, 4096, 320]",torch.float16,cuda:0,1310720,2.5,
unet.up_blocks.3.attentions.0.transformer_blocks.0.norm2,unet.up_blocks.3.attentions.0.transformer_blocks.0.norm2,LayerNorm,transformer_block,torch.Tensor,"[1, 4096, 320]",torch.float16,cuda:0,1310720,2.5,
unet.up_blocks.3.attentions.0.transformer_blocks.0.attn2,unet.up_blocks.3.attentions.0.transformer_blocks.0.attn2,Attention,cross_attention,torch.Tensor,"[1, 4096, 320]",torch.float16,cuda:0,1310720,2.5,
unet.up_blocks.3.attentions.0.transformer_blocks.0.attn2.to_q,unet.up_blocks.3.attentions.0.transformer_blocks.0.attn2.to_q,Linear,cross_attention,torch.Tensor,"[1, 4096, 320]",torch.float16,cuda:0,1310720,2.5,
unet.up_blocks.3.attentions.0.transformer_blocks.0.attn2.to_k,unet.up_blocks.3.attentions.0.transformer_blocks.0.attn2.to_k,Linear,cross_attention,torch.Tensor,"[1, 77, 320]",torch.float16,cuda:0,24640,0.0469970703125,
unet.up_blocks.3.attentions.0.transformer_blocks.0.attn2.to_v,unet.up_blocks.3.attentions.0.transformer_blocks.0.attn2.to_v,Linear,cross_attention,torch.Tensor,"[1, 77, 320]",torch.float16,cuda:0,24640,0.0469970703125,
unet.up_blocks.3.attentions.0.transformer_blocks.0.attn2.to_out,unet.up_blocks.3.attentions.0.transformer_blocks.0.attn2.to_out,ModuleList,cross_attention,,None,,,,,
unet.up_blocks.3.attentions.0.transformer_blocks.0.attn2.to_out.0,unet.up_blocks.3.attentions.0.transformer_blocks.0.attn2.to_out.0,Linear,cross_attention,torch.Tensor,"[1, 4096, 320]",torch.float16,cuda:0,1310720,2.5,
unet.up_blocks.3.attentions.0.transformer_blocks.0.attn2.to_out.1,unet.up_blocks.3.attentions.0.transformer_blocks.0.attn2.to_out.1,Dropout,cross_attention,torch.Tensor,"[1, 4096, 320]",torch.float16,cuda:0,1310720,2.5,
unet.up_blocks.3.attentions.0.transformer_blocks.0.norm3,unet.up_blocks.3.attentions.0.transformer_blocks.0.norm3,LayerNorm,transformer_block,torch.Tensor,"[1, 4096, 320]",torch.float16,cuda:0,1310720,2.5,
unet.up_blocks.3.attentions.0.transformer_blocks.0.ff,unet.up_blocks.3.attentions.0.transformer_blocks.0.ff,FeedForward,feed_forward,torch.Tensor,"[1, 4096, 320]",torch.float16,cuda:0,1310720,2.5,
unet.up_blocks.3.attentions.0.transformer_blocks.0.ff.net,unet.up_blocks.3.attentions.0.transformer_blocks.0.ff.net,ModuleList,feed_forward,,None,,,,,
unet.up_blocks.3.attentions.0.transformer_blocks.0.ff.net.0,unet.up_blocks.3.attentions.0.transformer_blocks.0.ff.net.0,GEGLU,feed_forward,torch.Tensor,"[1, 4096, 1280]",torch.float16,cuda:0,5242880,10.0,
unet.up_blocks.3.attentions.0.transformer_blocks.0.ff.net.0.proj,unet.up_blocks.3.attentions.0.transformer_blocks.0.ff.net.0.proj,Linear,feed_forward,torch.Tensor,"[1, 4096, 2560]",torch.float16,cuda:0,10485760,20.0,
unet.up_blocks.3.attentions.0.transformer_blocks.0.ff.net.1,unet.up_blocks.3.attentions.0.transformer_blocks.0.ff.net.1,Dropout,feed_forward,torch.Tensor,"[1, 4096, 1280]",torch.float16,cuda:0,5242880,10.0,
unet.up_blocks.3.attentions.0.transformer_blocks.0.ff.net.2,unet.up_blocks.3.attentions.0.transformer_blocks.0.ff.net.2,Linear,feed_forward,torch.Tensor,"[1, 4096, 320]",torch.float16,cuda:0,1310720,2.5,
unet.up_blocks.3.attentions.1.transformer_blocks,unet.up_blocks.3.attentions.1.transformer_blocks,ModuleList,transformer_block,,None,,,,,
unet.up_blocks.3.attentions.1.transformer_blocks.0,unet.up_blocks.3.attentions.1.transformer_blocks.0,BasicTransformerBlock,transformer_block,torch.Tensor,"[1, 4096, 320]",torch.float16,cuda:0,1310720,2.5,
unet.up_blocks.3.attentions.1.transformer_blocks.0.norm1,unet.up_blocks.3.attentions.1.transformer_blocks.0.norm1,LayerNorm,transformer_block,torch.Tensor,"[1, 4096, 320]",torch.float16,cuda:0,1310720,2.5,
unet.up_blocks.3.attentions.1.transformer_blocks.0.attn1,unet.up_blocks.3.attentions.1.transformer_blocks.0.attn1,Attention,self_attention,torch.Tensor,"[1, 4096, 320]",torch.float16,cuda:0,1310720,2.5,
unet.up_blocks.3.attentions.1.transformer_blocks.0.attn1.to_q,unet.up_blocks.3.attentions.1.transformer_blocks.0.attn1.to_q,Linear,self_attention,torch.Tensor,"[1, 4096, 320]",torch.float16,cuda:0,1310720,2.5,
unet.up_blocks.3.attentions.1.transformer_blocks.0.attn1.to_k,unet.up_blocks.3.attentions.1.transformer_blocks.0.attn1.to_k,Linear,self_attention,torch.Tensor,"[1, 4096, 320]",torch.float16,cuda:0,1310720,2.5,
unet.up_blocks.3.attentions.1.transformer_blocks.0.attn1.to_v,unet.up_blocks.3.attentions.1.transformer_blocks.0.attn1.to_v,Linear,self_attention,torch.Tensor,"[1, 4096, 320]",torch.float16,cuda:0,1310720,2.5,
unet.up_blocks.3.attentions.1.transformer_blocks.0.attn1.to_out,unet.up_blocks.3.attentions.1.transformer_blocks.0.attn1.to_out,ModuleList,self_attention,,None,,,,,
unet.up_blocks.3.attentions.1.transformer_blocks.0.attn1.to_out.0,unet.up_blocks.3.attentions.1.transformer_blocks.0.attn1.to_out.0,Linear,self_attention,torch.Tensor,"[1, 4096, 320]",torch.float16,cuda:0,1310720,2.5,
unet.up_blocks.3.attentions.1.transformer_blocks.0.attn1.to_out.1,unet.up_blocks.3.attentions.1.transformer_blocks.0.attn1.to_out.1,Dropout,self_attention,torch.Tensor,"[1, 4096, 320]",torch.float16,cuda:0,1310720,2.5,
unet.up_blocks.3.attentions.1.transformer_blocks.0.norm2,unet.up_blocks.3.attentions.1.transformer_blocks.0.norm2,LayerNorm,transformer_block,torch.Tensor,"[1, 4096, 320]",torch.float16,cuda:0,1310720,2.5,
unet.up_blocks.3.attentions.1.transformer_blocks.0.attn2,unet.up_blocks.3.attentions.1.transformer_blocks.0.attn2,Attention,cross_attention,torch.Tensor,"[1, 4096, 320]",torch.float16,cuda:0,1310720,2.5,
unet.up_blocks.3.attentions.1.transformer_blocks.0.attn2.to_q,unet.up_blocks.3.attentions.1.transformer_blocks.0.attn2.to_q,Linear,cross_attention,torch.Tensor,"[1, 4096, 320]",torch.float16,cuda:0,1310720,2.5,
unet.up_blocks.3.attentions.1.transformer_blocks.0.attn2.to_k,unet.up_blocks.3.attentions.1.transformer_blocks.0.attn2.to_k,Linear,cross_attention,torch.Tensor,"[1, 77, 320]",torch.float16,cuda:0,24640,0.0469970703125,
unet.up_blocks.3.attentions.1.transformer_blocks.0.attn2.to_v,unet.up_blocks.3.attentions.1.transformer_blocks.0.attn2.to_v,Linear,cross_attention,torch.Tensor,"[1, 77, 320]",torch.float16,cuda:0,24640,0.0469970703125,
unet.up_blocks.3.attentions.1.transformer_blocks.0.attn2.to_out,unet.up_blocks.3.attentions.1.transformer_blocks.0.attn2.to_out,ModuleList,cross_attention,,None,,,,,
unet.up_blocks.3.attentions.1.transformer_blocks.0.attn2.to_out.0,unet.up_blocks.3.attentions.1.transformer_blocks.0.attn2.to_out.0,Linear,cross_attention,torch.Tensor,"[1, 4096, 320]",torch.float16,cuda:0,1310720,2.5,
unet.up_blocks.3.attentions.1.transformer_blocks.0.attn2.to_out.1,unet.up_blocks.3.attentions.1.transformer_blocks.0.attn2.to_out.1,Dropout,cross_attention,torch.Tensor,"[1, 4096, 320]",torch.float16,cuda:0,1310720,2.5,
unet.up_blocks.3.attentions.1.transformer_blocks.0.norm3,unet.up_blocks.3.attentions.1.transformer_blocks.0.norm3,LayerNorm,transformer_block,torch.Tensor,"[1, 4096, 320]",torch.float16,cuda:0,1310720,2.5,
unet.up_blocks.3.attentions.1.transformer_blocks.0.ff,unet.up_blocks.3.attentions.1.transformer_blocks.0.ff,FeedForward,feed_forward,torch.Tensor,"[1, 4096, 320]",torch.float16,cuda:0,1310720,2.5,
unet.up_blocks.3.attentions.1.transformer_blocks.0.ff.net,unet.up_blocks.3.attentions.1.transformer_blocks.0.ff.net,ModuleList,feed_forward,,None,,,,,
unet.up_blocks.3.attentions.1.transformer_blocks.0.ff.net.0,unet.up_blocks.3.attentions.1.transformer_blocks.0.ff.net.0,GEGLU,feed_forward,torch.Tensor,"[1, 4096, 1280]",torch.float16,cuda:0,5242880,10.0,
unet.up_blocks.3.attentions.1.transformer_blocks.0.ff.net.0.proj,unet.up_blocks.3.attentions.1.transformer_blocks.0.ff.net.0.proj,Linear,feed_forward,torch.Tensor,"[1, 4096, 2560]",torch.float16,cuda:0,10485760,20.0,
unet.up_blocks.3.attentions.1.transformer_blocks.0.ff.net.1,unet.up_blocks.3.attentions.1.transformer_blocks.0.ff.net.1,Dropout,feed_forward,torch.Tensor,"[1, 4096, 1280]",torch.float16,cuda:0,5242880,10.0,
unet.up_blocks.3.attentions.1.transformer_blocks.0.ff.net.2,unet.up_blocks.3.attentions.1.transformer_blocks.0.ff.net.2,Linear,feed_forward,torch.Tensor,"[1, 4096, 320]",torch.float16,cuda:0,1310720,2.5,
unet.up_blocks.3.attentions.2.transformer_blocks,unet.up_blocks.3.attentions.2.transformer_blocks,ModuleList,transformer_block,,None,,,,,
unet.up_blocks.3.attentions.2.transformer_blocks.0,unet.up_blocks.3.attentions.2.transformer_blocks.0,BasicTransformerBlock,transformer_block,torch.Tensor,"[1, 4096, 320]",torch.float16,cuda:0,1310720,2.5,
unet.up_blocks.3.attentions.2.transformer_blocks.0.norm1,unet.up_blocks.3.attentions.2.transformer_blocks.0.norm1,LayerNorm,transformer_block,torch.Tensor,"[1, 4096, 320]",torch.float16,cuda:0,1310720,2.5,
unet.up_blocks.3.attentions.2.transformer_blocks.0.attn1,unet.up_blocks.3.attentions.2.transformer_blocks.0.attn1,Attention,self_attention,torch.Tensor,"[1, 4096, 320]",torch.float16,cuda:0,1310720,2.5,
unet.up_blocks.3.attentions.2.transformer_blocks.0.attn1.to_q,unet.up_blocks.3.attentions.2.transformer_blocks.0.attn1.to_q,Linear,self_attention,torch.Tensor,"[1, 4096, 320]",torch.float16,cuda:0,1310720,2.5,
unet.up_blocks.3.attentions.2.transformer_blocks.0.attn1.to_k,unet.up_blocks.3.attentions.2.transformer_blocks.0.attn1.to_k,Linear,self_attention,torch.Tensor,"[1, 4096, 320]",torch.float16,cuda:0,1310720,2.5,
unet.up_blocks.3.attentions.2.transformer_blocks.0.attn1.to_v,unet.up_blocks.3.attentions.2.transformer_blocks.0.attn1.to_v,Linear,self_attention,torch.Tensor,"[1, 4096, 320]",torch.float16,cuda:0,1310720,2.5,
unet.up_blocks.3.attentions.2.transformer_blocks.0.attn1.to_out,unet.up_blocks.3.attentions.2.transformer_blocks.0.attn1.to_out,ModuleList,self_attention,,None,,,,,
unet.up_blocks.3.attentions.2.transformer_blocks.0.attn1.to_out.0,unet.up_blocks.3.attentions.2.transformer_blocks.0.attn1.to_out.0,Linear,self_attention,torch.Tensor,"[1, 4096, 320]",torch.float16,cuda:0,1310720,2.5,
unet.up_blocks.3.attentions.2.transformer_blocks.0.attn1.to_out.1,unet.up_blocks.3.attentions.2.transformer_blocks.0.attn1.to_out.1,Dropout,self_attention,torch.Tensor,"[1, 4096, 320]",torch.float16,cuda:0,1310720,2.5,
unet.up_blocks.3.attentions.2.transformer_blocks.0.norm2,unet.up_blocks.3.attentions.2.transformer_blocks.0.norm2,LayerNorm,transformer_block,torch.Tensor,"[1, 4096, 320]",torch.float16,cuda:0,1310720,2.5,
unet.up_blocks.3.attentions.2.transformer_blocks.0.attn2,unet.up_blocks.3.attentions.2.transformer_blocks.0.attn2,Attention,cross_attention,torch.Tensor,"[1, 4096, 320]",torch.float16,cuda:0,1310720,2.5,
unet.up_blocks.3.attentions.2.transformer_blocks.0.attn2.to_q,unet.up_blocks.3.attentions.2.transformer_blocks.0.attn2.to_q,Linear,cross_attention,torch.Tensor,"[1, 4096, 320]",torch.float16,cuda:0,1310720,2.5,
unet.up_blocks.3.attentions.2.transformer_blocks.0.attn2.to_k,unet.up_blocks.3.attentions.2.transformer_blocks.0.attn2.to_k,Linear,cross_attention,torch.Tensor,"[1, 77, 320]",torch.float16,cuda:0,24640,0.0469970703125,
unet.up_blocks.3.attentions.2.transformer_blocks.0.attn2.to_v,unet.up_blocks.3.attentions.2.transformer_blocks.0.attn2.to_v,Linear,cross_attention,torch.Tensor,"[1, 77, 320]",torch.float16,cuda:0,24640,0.0469970703125,
unet.up_blocks.3.attentions.2.transformer_blocks.0.attn2.to_out,unet.up_blocks.3.attentions.2.transformer_blocks.0.attn2.to_out,ModuleList,cross_attention,,None,,,,,
unet.up_blocks.3.attentions.2.transformer_blocks.0.attn2.to_out.0,unet.up_blocks.3.attentions.2.transformer_blocks.0.attn2.to_out.0,Linear,cross_attention,torch.Tensor,"[1, 4096, 320]",torch.float16,cuda:0,1310720,2.5,
unet.up_blocks.3.attentions.2.transformer_blocks.0.attn2.to_out.1,unet.up_blocks.3.attentions.2.transformer_blocks.0.attn2.to_out.1,Dropout,cross_attention,torch.Tensor,"[1, 4096, 320]",torch.float16,cuda:0,1310720,2.5,
unet.up_blocks.3.attentions.2.transformer_blocks.0.norm3,unet.up_blocks.3.attentions.2.transformer_blocks.0.norm3,LayerNorm,transformer_block,torch.Tensor,"[1, 4096, 320]",torch.float16,cuda:0,1310720,2.5,
unet.up_blocks.3.attentions.2.transformer_blocks.0.ff,unet.up_blocks.3.attentions.2.transformer_blocks.0.ff,FeedForward,feed_forward,torch.Tensor,"[1, 4096, 320]",torch.float16,cuda:0,1310720,2.5,
unet.up_blocks.3.attentions.2.transformer_blocks.0.ff.net,unet.up_blocks.3.attentions.2.transformer_blocks.0.ff.net,ModuleList,feed_forward,,None,,,,,
unet.up_blocks.3.attentions.2.transformer_blocks.0.ff.net.0,unet.up_blocks.3.attentions.2.transformer_blocks.0.ff.net.0,GEGLU,feed_forward,torch.Tensor,"[1, 4096, 1280]",torch.float16,cuda:0,5242880,10.0,
unet.up_blocks.3.attentions.2.transformer_blocks.0.ff.net.0.proj,unet.up_blocks.3.attentions.2.transformer_blocks.0.ff.net.0.proj,Linear,feed_forward,torch.Tensor,"[1, 4096, 2560]",torch.float16,cuda:0,10485760,20.0,
unet.up_blocks.3.attentions.2.transformer_blocks.0.ff.net.1,unet.up_blocks.3.attentions.2.transformer_blocks.0.ff.net.1,Dropout,feed_forward,torch.Tensor,"[1, 4096, 1280]",torch.float16,cuda:0,5242880,10.0,
unet.up_blocks.3.attentions.2.transformer_blocks.0.ff.net.2,unet.up_blocks.3.attentions.2.transformer_blocks.0.ff.net.2,Linear,feed_forward,torch.Tensor,"[1, 4096, 320]",torch.float16,cuda:0,1310720,2.5,
unet.mid_block,unet.mid_block,UNetMidBlock2DCrossAttn,mid_block,torch.Tensor,"[1, 1280, 8, 8]",torch.float16,cuda:0,81920,0.15625,
unet.mid_block.attentions,unet.mid_block.attentions,ModuleList,mid_block,,None,,,,,
unet.mid_block.attentions.0.transformer_blocks,unet.mid_block.attentions.0.transformer_blocks,ModuleList,transformer_block,,None,,,,,
unet.mid_block.attentions.0.transformer_blocks.0,unet.mid_block.attentions.0.transformer_blocks.0,BasicTransformerBlock,transformer_block,torch.Tensor,"[1, 64, 1280]",torch.float16,cuda:0,81920,0.15625,
unet.mid_block.attentions.0.transformer_blocks.0.norm1,unet.mid_block.attentions.0.transformer_blocks.0.norm1,LayerNorm,transformer_block,torch.Tensor,"[1, 64, 1280]",torch.float16,cuda:0,81920,0.15625,
unet.mid_block.attentions.0.transformer_blocks.0.attn1,unet.mid_block.attentions.0.transformer_blocks.0.attn1,Attention,self_attention,torch.Tensor,"[1, 64, 1280]",torch.float16,cuda:0,81920,0.15625,
unet.mid_block.attentions.0.transformer_blocks.0.attn1.to_q,unet.mid_block.attentions.0.transformer_blocks.0.attn1.to_q,Linear,self_attention,torch.Tensor,"[1, 64, 1280]",torch.float16,cuda:0,81920,0.15625,
unet.mid_block.attentions.0.transformer_blocks.0.attn1.to_k,unet.mid_block.attentions.0.transformer_blocks.0.attn1.to_k,Linear,self_attention,torch.Tensor,"[1, 64, 1280]",torch.float16,cuda:0,81920,0.15625,
unet.mid_block.attentions.0.transformer_blocks.0.attn1.to_v,unet.mid_block.attentions.0.transformer_blocks.0.attn1.to_v,Linear,self_attention,torch.Tensor,"[1, 64, 1280]",torch.float16,cuda:0,81920,0.15625,
unet.mid_block.attentions.0.transformer_blocks.0.attn1.to_out,unet.mid_block.attentions.0.transformer_blocks.0.attn1.to_out,ModuleList,self_attention,,None,,,,,
unet.mid_block.attentions.0.transformer_blocks.0.attn1.to_out.0,unet.mid_block.attentions.0.transformer_blocks.0.attn1.to_out.0,Linear,self_attention,torch.Tensor,"[1, 64, 1280]",torch.float16,cuda:0,81920,0.15625,
unet.mid_block.attentions.0.transformer_blocks.0.attn1.to_out.1,unet.mid_block.attentions.0.transformer_blocks.0.attn1.to_out.1,Dropout,self_attention,torch.Tensor,"[1, 64, 1280]",torch.float16,cuda:0,81920,0.15625,
unet.mid_block.attentions.0.transformer_blocks.0.norm2,unet.mid_block.attentions.0.transformer_blocks.0.norm2,LayerNorm,transformer_block,torch.Tensor,"[1, 64, 1280]",torch.float16,cuda:0,81920,0.15625,
unet.mid_block.attentions.0.transformer_blocks.0.attn2,unet.mid_block.attentions.0.transformer_blocks.0.attn2,Attention,cross_attention,torch.Tensor,"[1, 64, 1280]",torch.float16,cuda:0,81920,0.15625,
unet.mid_block.attentions.0.transformer_blocks.0.attn2.to_q,unet.mid_block.attentions.0.transformer_blocks.0.attn2.to_q,Linear,cross_attention,torch.Tensor,"[1, 64, 1280]",torch.float16,cuda:0,81920,0.15625,
unet.mid_block.attentions.0.transformer_blocks.0.attn2.to_k,unet.mid_block.attentions.0.transformer_blocks.0.attn2.to_k,Linear,cross_attention,torch.Tensor,"[1, 77, 1280]",torch.float16,cuda:0,98560,0.18798828125,
unet.mid_block.attentions.0.transformer_blocks.0.attn2.to_v,unet.mid_block.attentions.0.transformer_blocks.0.attn2.to_v,Linear,cross_attention,torch.Tensor,"[1, 77, 1280]",torch.float16,cuda:0,98560,0.18798828125,
unet.mid_block.attentions.0.transformer_blocks.0.attn2.to_out,unet.mid_block.attentions.0.transformer_blocks.0.attn2.to_out,ModuleList,cross_attention,,None,,,,,
unet.mid_block.attentions.0.transformer_blocks.0.attn2.to_out.0,unet.mid_block.attentions.0.transformer_blocks.0.attn2.to_out.0,Linear,cross_attention,torch.Tensor,"[1, 64, 1280]",torch.float16,cuda:0,81920,0.15625,
unet.mid_block.attentions.0.transformer_blocks.0.attn2.to_out.1,unet.mid_block.attentions.0.transformer_blocks.0.attn2.to_out.1,Dropout,cross_attention,torch.Tensor,"[1, 64, 1280]",torch.float16,cuda:0,81920,0.15625,
unet.mid_block.attentions.0.transformer_blocks.0.norm3,unet.mid_block.attentions.0.transformer_blocks.0.norm3,LayerNorm,transformer_block,torch.Tensor,"[1, 64, 1280]",torch.float16,cuda:0,81920,0.15625,
unet.mid_block.attentions.0.transformer_blocks.0.ff,unet.mid_block.attentions.0.transformer_blocks.0.ff,FeedForward,feed_forward,torch.Tensor,"[1, 64, 1280]",torch.float16,cuda:0,81920,0.15625,
unet.mid_block.attentions.0.transformer_blocks.0.ff.net,unet.mid_block.attentions.0.transformer_blocks.0.ff.net,ModuleList,feed_forward,,None,,,,,
unet.mid_block.attentions.0.transformer_blocks.0.ff.net.0,unet.mid_block.attentions.0.transformer_blocks.0.ff.net.0,GEGLU,feed_forward,torch.Tensor,"[1, 64, 5120]",torch.float16,cuda:0,327680,0.625,
unet.mid_block.attentions.0.transformer_blocks.0.ff.net.0.proj,unet.mid_block.attentions.0.transformer_blocks.0.ff.net.0.proj,Linear,feed_forward,torch.Tensor,"[1, 64, 10240]",torch.float16,cuda:0,655360,1.25,
unet.mid_block.attentions.0.transformer_blocks.0.ff.net.1,unet.mid_block.attentions.0.transformer_blocks.0.ff.net.1,Dropout,feed_forward,torch.Tensor,"[1, 64, 5120]",torch.float16,cuda:0,327680,0.625,
unet.mid_block.attentions.0.transformer_blocks.0.ff.net.2,unet.mid_block.attentions.0.transformer_blocks.0.ff.net.2,Linear,feed_forward,torch.Tensor,"[1, 64, 1280]",torch.float16,cuda:0,81920,0.15625,
unet.mid_block.resnets,unet.mid_block.resnets,ModuleList,mid_block,,None,,,,,
